date, pm25, pm10, o3, no2, so2, co,city,coordinates
2/2/2024,93,109,41,9,6,27,Greater Noida,"[28.557054,77.453663]"
2/3/2024,170,508,1,12,5,36,Greater Noida,"[28.557054,77.453663]"
2/4/2024,195,113, ,7,4,22,Greater Noida,"[28.557054,77.453663]"
2/5/2024,171,136,3,5,6,23,Greater Noida,"[28.557054,77.453663]"
2/6/2024,171,412,17,7,10,28,Greater Noida,"[28.557054,77.453663]"
2/7/2024,447,201,32,5,7,18,Greater Noida,"[28.557054,77.453663]"
2/8/2024,223,98,31,6,5,21,Greater Noida,"[28.557054,77.453663]"
2/9/2024,151,145,41,8,5,33,Greater Noida,"[28.557054,77.453663]"
2/10/2024,146,298,39,9,6,28,Greater Noida,"[28.557054,77.453663]"
2/11/2024,248, , , , , ,Greater Noida,"[28.557054,77.453663]"
1/2/2024,238,252,16,9,4,9,Greater Noida,"[28.557054,77.453663]"
1/3/2024,219,160,4,9,3,6,Greater Noida,"[28.557054,77.453663]"
1/4/2024,194,228,2,13,2,10,Greater Noida,"[28.557054,77.453663]"
1/5/2024,255,244,3,9,2,7,Greater Noida,"[28.557054,77.453663]"
1/6/2024,268,247,2,12,2,12,Greater Noida,"[28.557054,77.453663]"
1/7/2024,226,365,12,9,4,14,Greater Noida,"[28.557054,77.453663]"
1/8/2024,327,283,8,10,3,17,Greater Noida,"[28.557054,77.453663]"
1/9/2024,257,178,3,8,2,4,Greater Noida,"[28.557054,77.453663]"
1/10/2024,207,302,4,8,3, ,Greater Noida,"[28.557054,77.453663]"
1/11/2024,354,575,10,10,3, ,Greater Noida,"[28.557054,77.453663]"
1/12/2024,557,425,22,13,4,15,Greater Noida,"[28.557054,77.453663]"
1/13/2024,311,414,8,7,2,18,Greater Noida,"[28.557054,77.453663]"
1/14/2024,286,724, ,4,2,18,Greater Noida,"[28.557054,77.453663]"
1/15/2024,369,477,2,16,1,19,Greater Noida,"[28.557054,77.453663]"
1/16/2024,317,694,9,5,6,8,Greater Noida,"[28.557054,77.453663]"
1/17/2024,612,319,19,5,5,10,Greater Noida,"[28.557054,77.453663]"
1/18/2024,308,89,7,4,4,3,Greater Noida,"[28.557054,77.453663]"
1/19/2024,165,74,7,6,5,8,Greater Noida,"[28.557054,77.453663]"
1/20/2024,158,125,24,7,4,6,Greater Noida,"[28.557054,77.453663]"
1/21/2024,192,186,16,12,5,16,Greater Noida,"[28.557054,77.453663]"
1/22/2024,234,146,23,7,5,7,Greater Noida,"[28.557054,77.453663]"
1/23/2024,207,201,26,8,5,11,Greater Noida,"[28.557054,77.453663]"
1/24/2024,211,224,31,11,5,8,Greater Noida,"[28.557054,77.453663]"
1/25/2024,271,268,19,15,4,14,Greater Noida,"[28.557054,77.453663]"
1/26/2024,255,183,2,9,4,14,Greater Noida,"[28.557054,77.453663]"
1/27/2024,255,192,15,9,5,17,Greater Noida,"[28.557054,77.453663]"
1/28/2024,255,221,3,7,5,35,Greater Noida,"[28.557054,77.453663]"
1/29/2024,228,200,28,6,5,18,Greater Noida,"[28.557054,77.453663]"
1/30/2024,213,231,1,7,4,24,Greater Noida,"[28.557054,77.453663]"
1/31/2024,240,276,4,9,5,18,Greater Noida,"[28.557054,77.453663]"
2/1/2024,305,42,18,5,4,1,Greater Noida,"[28.557054,77.453663]"
10/2/2023,152,165,44,15,3,7,Greater Noida,"[28.557054,77.453663]"
10/3/2023,149,172,42,18,3,8,Greater Noida,"[28.557054,77.453663]"
10/4/2023,149,157,49,18,5,8,Greater Noida,"[28.557054,77.453663]"
10/5/2023,159,191,94,19,5,14,Greater Noida,"[28.557054,77.453663]"
10/6/2023,169,220,66,20,4,14,Greater Noida,"[28.557054,77.453663]"
10/7/2023,177,275,41,16,3,12,Greater Noida,"[28.557054,77.453663]"
10/8/2023,180,217,21,12,4,12,Greater Noida,"[28.557054,77.453663]"
10/9/2023,152,220,21,11,4,6,Greater Noida,"[28.557054,77.453663]"
10/10/2023,159,197,47,14,2,7,Greater Noida,"[28.557054,77.453663]"
10/11/2023,163,161,37,15,3,6,Greater Noida,"[28.557054,77.453663]"
10/12/2023,161,231,50,17,4,10,Greater Noida,"[28.557054,77.453663]"
10/13/2023,194,263,72,20,3,10,Greater Noida,"[28.557054,77.453663]"
10/14/2023,220,203,43,17,3,10,Greater Noida,"[28.557054,77.453663]"
10/15/2023,168,212,28,14,3,9,Greater Noida,"[28.557054,77.453663]"
10/16/2023,156,168,22,15,3,4,Greater Noida,"[28.557054,77.453663]"
10/17/2023,139,97,40,14,4,10,Greater Noida,"[28.557054,77.453663]"
10/18/2023,115,112,45,16,4,9,Greater Noida,"[28.557054,77.453663]"
10/19/2023,141,154,44,19,3,8,Greater Noida,"[28.557054,77.453663]"
10/20/2023,154,202,30,23,3,8,Greater Noida,"[28.557054,77.453663]"
10/21/2023,181,232,21,26,4,15,Greater Noida,"[28.557054,77.453663]"
10/22/2023,221,184,16,27,3,12,Greater Noida,"[28.557054,77.453663]"
10/23/2023,228,175,40,19,6,17,Greater Noida,"[28.557054,77.453663]"
10/24/2023,227,135,72,22,4,10,Greater Noida,"[28.557054,77.453663]"
10/25/2023,179,155,85,25,5,10,Greater Noida,"[28.557054,77.453663]"
10/26/2023,181,160,72,24,2,18,Greater Noida,"[28.557054,77.453663]"
10/27/2023,185,235,73,27,2,12,Greater Noida,"[28.557054,77.453663]"
10/28/2023,208,274,63,33,3,18,Greater Noida,"[28.557054,77.453663]"
10/29/2023,251,230,77,33,2,11,Greater Noida,"[28.557054,77.453663]"
10/30/2023,244,275,55,32, ,11,Greater Noida,"[28.557054,77.453663]"
10/31/2023,253,319,48,29,2,12,Greater Noida,"[28.557054,77.453663]"
11/1/2023,279,303,55,29,1,17,Greater Noida,"[28.557054,77.453663]"
11/2/2023,232,457,36,31,2,11,Greater Noida,"[28.557054,77.453663]"
11/3/2023,331,606,37,27,3,21,Greater Noida,"[28.557054,77.453663]"
11/4/2023,455,590,31,27,2,18,Greater Noida,"[28.557054,77.453663]"
11/5/2023,480,181,38,23,1,20,Greater Noida,"[28.557054,77.453663]"
11/6/2023,217,356,52,29,3,17,Greater Noida,"[28.557054,77.453663]"
11/7/2023,304,573,50,32,2,16,Greater Noida,"[28.557054,77.453663]"
11/8/2023,397,498,78,30,4,15,Greater Noida,"[28.557054,77.453663]"
11/9/2023,392,268,33,30,2,16,Greater Noida,"[28.557054,77.453663]"
11/10/2023,357,110,11,24, ,14,Greater Noida,"[28.557054,77.453663]"
11/11/2023,168,106,4,21,3,16,Greater Noida,"[28.557054,77.453663]"
11/12/2023,167, , , , , ,Greater Noida,"[28.557054,77.453663]"
11/20/2023,258,271,4,30,3,17,Greater Noida,"[28.557054,77.453663]"
11/21/2023,278, , , , , ,Greater Noida,"[28.557054,77.453663]"
11/23/2023,192,366,56,32,2,14,Greater Noida,"[28.557054,77.453663]"
11/24/2023,306,347,2,36,1,14,Greater Noida,"[28.557054,77.453663]"
11/25/2023,322,360,2,45,3,27,Greater Noida,"[28.557054,77.453663]"
11/26/2023,250,495,36,37,6,15,Greater Noida,"[28.557054,77.453663]"
11/27/2023,366,167,15,22,2,11,Greater Noida,"[28.557054,77.453663]"
11/28/2023,189,131,17,26,1,11,Greater Noida,"[28.557054,77.453663]"
11/29/2023,189,269,26,23,2,14,Greater Noida,"[28.557054,77.453663]"
11/30/2023,224,394,29,27,2,12,Greater Noida,"[28.557054,77.453663]"
12/1/2023,428,310,38,25,1,10,Greater Noida,"[28.557054,77.453663]"
12/2/2023,291,224,23,32,6,10,Greater Noida,"[28.557054,77.453663]"
12/3/2023,211,326,20,28,11,16,Greater Noida,"[28.557054,77.453663]"
12/4/2023,281,183,19,28,5,16,Greater Noida,"[28.557054,77.453663]"
12/5/2023,196,253,32,30,6,6,Greater Noida,"[28.557054,77.453663]"
12/6/2023,190, , , , , ,Greater Noida,"[28.557054,77.453663]"
12/8/2023,274,165,35,31,6,12,Greater Noida,"[28.557054,77.453663]"
12/9/2023,187,368,33,33,9,15,Greater Noida,"[28.557054,77.453663]"
12/10/2023,303,218,36,30,8,13,Greater Noida,"[28.557054,77.453663]"
12/11/2023,233,174,19,31,3,16,Greater Noida,"[28.557054,77.453663]"
12/12/2023,219,426,50,35,5,11,Greater Noida,"[28.557054,77.453663]"
12/13/2023,319, , , , , ,Greater Noida,"[28.557054,77.453663]"
12/15/2023,296,384,6,30,6,23,Greater Noida,"[28.557054,77.453663]"
12/16/2023,304,325,12,36,8,16,Greater Noida,"[28.557054,77.453663]"
12/17/2023,269,214,9,33,6,13,Greater Noida,"[28.557054,77.453663]"
12/18/2023,225,151,10,29,2,8,Greater Noida,"[28.557054,77.453663]"
12/19/2023,195,128,16,28,3,9,Greater Noida,"[28.557054,77.453663]"
12/20/2023,179,140,23,31,3,5,Greater Noida,"[28.557054,77.453663]"
12/21/2023,191,361,30,38,5,13,Greater Noida,"[28.557054,77.453663]"
12/22/2023,271,441,40,31,4,23,Greater Noida,"[28.557054,77.453663]"
12/23/2023,328,235,34,28,4,8,Greater Noida,"[28.557054,77.453663]"
12/24/2023,258,368,33,32,2,16,Greater Noida,"[28.557054,77.453663]"
12/25/2023,324,164,39,32,2,12,Greater Noida,"[28.557054,77.453663]"
12/26/2023,240,345,25,32,2,16,Greater Noida,"[28.557054,77.453663]"
12/27/2023,265,386,18,26,3,17,Greater Noida,"[28.557054,77.453663]"
12/28/2023,375,212,4,13,2,3,Greater Noida,"[28.557054,77.453663]"
12/29/2023,240,116,5,7,2,5,Greater Noida,"[28.557054,77.453663]"
12/30/2023,188,148,2,11,2,6,Greater Noida,"[28.557054,77.453663]"
12/31/2023,190,137,3,10,2,8,Greater Noida,"[28.557054,77.453663]"
1/1/2024,188,215,14,8,3,9,Greater Noida,"[28.557054,77.453663]"
7/2/2023,52,118,25,14,3, ,Greater Noida,"[28.557054,77.453663]"
7/3/2023,70,116,53,17,3, ,Greater Noida,"[28.557054,77.453663]"
7/4/2023,103,96,24,17,3, ,Greater Noida,"[28.557054,77.453663]"
7/5/2023,95,80,16,13,3,9,Greater Noida,"[28.557054,77.453663]"
7/6/2023,77,58,15,13,3,9,Greater Noida,"[28.557054,77.453663]"
7/7/2023,59,65,16,12,3,10,Greater Noida,"[28.557054,77.453663]"
7/8/2023,62,38,7,11,3,10,Greater Noida,"[28.557054,77.453663]"
7/9/2023,49,24,7,10,3,9,Greater Noida,"[28.557054,77.453663]"
7/10/2023,51,35,8,10,3,9,Greater Noida,"[28.557054,77.453663]"
7/11/2023,45,56,13,11,3,9,Greater Noida,"[28.557054,77.453663]"
7/12/2023,74,66,14,10,3,10,Greater Noida,"[28.557054,77.453663]"
7/13/2023,59,76,9,11,3,10,Greater Noida,"[28.557054,77.453663]"
7/14/2023,64,61,19,10,3,9,Greater Noida,"[28.557054,77.453663]"
7/15/2023,72,78,23,12,3,11,Greater Noida,"[28.557054,77.453663]"
7/16/2023,86,67,41,12,3,9,Greater Noida,"[28.557054,77.453663]"
7/17/2023,70,90,12,13,4,12,Greater Noida,"[28.557054,77.453663]"
7/18/2023,89,85,10,11,3,9,Greater Noida,"[28.557054,77.453663]"
7/19/2023,75,86,16,11,3,9,Greater Noida,"[28.557054,77.453663]"
7/20/2023,63,216,25,13,3,11,Greater Noida,"[28.557054,77.453663]"
7/21/2023,103,67,19,13,2,7,Greater Noida,"[28.557054,77.453663]"
7/22/2023,109,40,19,11,3,9,Greater Noida,"[28.557054,77.453663]"
7/23/2023,69,70,21,12,4,13,Greater Noida,"[28.557054,77.453663]"
7/24/2023,61,36,17,12,3,10,Greater Noida,"[28.557054,77.453663]"
7/25/2023,59,43,17,11,3,9,Greater Noida,"[28.557054,77.453663]"
7/26/2023,77,53,11,10,2,8,Greater Noida,"[28.557054,77.453663]"
7/27/2023,42,97,20,11,3,8,Greater Noida,"[28.557054,77.453663]"
7/28/2023,85,66,15,10,4,11,Greater Noida,"[28.557054,77.453663]"
7/29/2023,91,25,14,12,3,9,Greater Noida,"[28.557054,77.453663]"
7/30/2023,47,74,31,25,1,6,Greater Noida,"[28.557054,77.453663]"
7/31/2023,76,108,30,28,1,9,Greater Noida,"[28.557054,77.453663]"
8/1/2023,132,104,30,30,1,6,Greater Noida,"[28.557054,77.453663]"
8/2/2023,88,91,20,31,2,9,Greater Noida,"[28.557054,77.453663]"
8/3/2023,87,90,24,22,2,7,Greater Noida,"[28.557054,77.453663]"
8/4/2023,95,85,14,9,2,11,Greater Noida,"[28.557054,77.453663]"
8/5/2023,102,99,18,10,3,10,Greater Noida,"[28.557054,77.453663]"
8/6/2023,119,95,18,8,3,11,Greater Noida,"[28.557054,77.453663]"
8/7/2023,89,112,21,9,2,10,Greater Noida,"[28.557054,77.453663]"
8/8/2023,93,119,18,8,1,6,Greater Noida,"[28.557054,77.453663]"
8/9/2023,89,123,21,9,1,5,Greater Noida,"[28.557054,77.453663]"
8/10/2023,101,115,33,9,2,7,Greater Noida,"[28.557054,77.453663]"
8/11/2023,102,117,33,9,2,6,Greater Noida,"[28.557054,77.453663]"
8/12/2023,114,116,29,9,2,4,Greater Noida,"[28.557054,77.453663]"
8/13/2023,95,87,24,8,1,7,Greater Noida,"[28.557054,77.453663]"
8/14/2023,84,112,19,9,1,7,Greater Noida,"[28.557054,77.453663]"
8/15/2023,107,131,33,9,2,7,Greater Noida,"[28.557054,77.453663]"
8/16/2023,140,138,26,10,3,13,Greater Noida,"[28.557054,77.453663]"
8/17/2023,142,180,26,10,2,7,Greater Noida,"[28.557054,77.453663]"
8/18/2023,126,184,28,11,2,7,Greater Noida,"[28.557054,77.453663]"
8/19/2023,129,155,16,11,2,14,Greater Noida,"[28.557054,77.453663]"
8/20/2023,138,161,17,10,1,10,Greater Noida,"[28.557054,77.453663]"
8/21/2023,123,121,49,11,1,8,Greater Noida,"[28.557054,77.453663]"
8/22/2023,120,106,21,11,2,7,Greater Noida,"[28.557054,77.453663]"
8/23/2023,104,38,10,7,3,10,Greater Noida,"[28.557054,77.453663]"
8/24/2023,62,105,23,8,2,6,Greater Noida,"[28.557054,77.453663]"
8/25/2023,90,119,25,17,3,9,Greater Noida,"[28.557054,77.453663]"
8/26/2023,94,157,23,26,3,10,Greater Noida,"[28.557054,77.453663]"
8/27/2023,115,184,22,28,3,9,Greater Noida,"[28.557054,77.453663]"
8/28/2023,134,189,22,27,3,13,Greater Noida,"[28.557054,77.453663]"
8/29/2023,127,357,14,34,2,14,Greater Noida,"[28.557054,77.453663]"
8/30/2023,156,190,31,32,2,6,Greater Noida,"[28.557054,77.453663]"
8/31/2023,136,138,32,32,3,7,Greater Noida,"[28.557054,77.453663]"
9/1/2023,138,134,22,29,3,9,Greater Noida,"[28.557054,77.453663]"
9/2/2023,112,135,26,28,4,9,Greater Noida,"[28.557054,77.453663]"
9/3/2023,108,133,23,32,2,7,Greater Noida,"[28.557054,77.453663]"
9/4/2023,106,125,25,35,3,7,Greater Noida,"[28.557054,77.453663]"
9/5/2023,101,147,21,38,2,7,Greater Noida,"[28.557054,77.453663]"
9/6/2023,115,96,16,28,2,7,Greater Noida,"[28.557054,77.453663]"
9/7/2023,80,119,38,34,2,8,Greater Noida,"[28.557054,77.453663]"
9/8/2023,117,91,18,32,3,7,Greater Noida,"[28.557054,77.453663]"
9/9/2023,78,82,7,25,5,9,Greater Noida,"[28.557054,77.453663]"
9/10/2023,51,34,6,23,4,9,Greater Noida,"[28.557054,77.453663]"
9/11/2023,33,203,8,28,1,8,Greater Noida,"[28.557054,77.453663]"
9/12/2023,90,164,10,27,4,11,Greater Noida,"[28.557054,77.453663]"
9/13/2023,118,126,19,28,4,13,Greater Noida,"[28.557054,77.453663]"
9/14/2023,121,160,17,30,2,12,Greater Noida,"[28.557054,77.453663]"
9/15/2023,145,148,17,26,3,12,Greater Noida,"[28.557054,77.453663]"
9/16/2023,117,132,6,24,2,6,Greater Noida,"[28.557054,77.453663]"
9/17/2023,103,71,11,23,2,5,Greater Noida,"[28.557054,77.453663]"
9/18/2023,64,79,12,22,3,11,Greater Noida,"[28.557054,77.453663]"
9/19/2023,64,139,15,23,3,9,Greater Noida,"[28.557054,77.453663]"
9/20/2023,86,186,23,31,3,14,Greater Noida,"[28.557054,77.453663]"
9/21/2023,132,92,32,23,4,13,Greater Noida,"[28.557054,77.453663]"
9/22/2023,109,173,24,30,3,10,Greater Noida,"[28.557054,77.453663]"
9/23/2023,151,101,13,32,2,13,Greater Noida,"[28.557054,77.453663]"
9/24/2023,122,231,30,32,4,10,Greater Noida,"[28.557054,77.453663]"
9/25/2023,162,371,42,25,3,9,Greater Noida,"[28.557054,77.453663]"
9/26/2023,171,319,37,11,2,9,Greater Noida,"[28.557054,77.453663]"
9/27/2023,181,202,60,13,4,7,Greater Noida,"[28.557054,77.453663]"
9/28/2023,155,243,55,13,5,11,Greater Noida,"[28.557054,77.453663]"
9/29/2023,159,345,74,15,4,13,Greater Noida,"[28.557054,77.453663]"
9/30/2023,174,251,53,14,3,9,Greater Noida,"[28.557054,77.453663]"
10/1/2023,163,208,34,14,4,9,Greater Noida,"[28.557054,77.453663]"
4/4/2023,127,103,35,69,7,21,Greater Noida,"[28.557054,77.453663]"
4/5/2023,96,130,38,71,10,22,Greater Noida,"[28.557054,77.453663]"
4/6/2023,100,127,30,68,11,16,Greater Noida,"[28.557054,77.453663]"
4/7/2023,81,92,36,66,10,34,Greater Noida,"[28.557054,77.453663]"
4/8/2023,79,117,63,70,16,4,Greater Noida,"[28.557054,77.453663]"
4/9/2023,112,167,68,85,18,9,Greater Noida,"[28.557054,77.453663]"
4/10/2023,134,166,49,87,18,6,Greater Noida,"[28.557054,77.453663]"
4/11/2023,137,156,44,89,17,11,Greater Noida,"[28.557054,77.453663]"
4/12/2023,138,132,45,84,19,5,Greater Noida,"[28.557054,77.453663]"
4/13/2023,125,134,43,76,14,8,Greater Noida,"[28.557054,77.453663]"
4/14/2023,119,146,46,87,16,9,Greater Noida,"[28.557054,77.453663]"
4/15/2023,135,176,54,87,13,10,Greater Noida,"[28.557054,77.453663]"
4/16/2023,136,174,39,79,12,8,Greater Noida,"[28.557054,77.453663]"
4/17/2023,130,205,54,85,13,13,Greater Noida,"[28.557054,77.453663]"
4/18/2023,129,152,30,81,9,7,Greater Noida,"[28.557054,77.453663]"
4/19/2023,122,190,39,57,10,3,Greater Noida,"[28.557054,77.453663]"
4/20/2023,118,103,30,48,11,4,Greater Noida,"[28.557054,77.453663]"
4/21/2023,85,99,33,52,7,5,Greater Noida,"[28.557054,77.453663]"
4/22/2023,83,121,40,60,8,6,Greater Noida,"[28.557054,77.453663]"
4/23/2023,91,101,31,46,8,9,Greater Noida,"[28.557054,77.453663]"
4/24/2023,61,105,34,63,11,8,Greater Noida,"[28.557054,77.453663]"
4/25/2023,101,113,45,57,8,7,Greater Noida,"[28.557054,77.453663]"
4/26/2023,104,142,74,70,10,6,Greater Noida,"[28.557054,77.453663]"
4/27/2023,143,185,67,66,11,7,Greater Noida,"[28.557054,77.453663]"
4/28/2023,143,123,44,73,8,8,Greater Noida,"[28.557054,77.453663]"
4/29/2023,117,135,46,65,10,5,Greater Noida,"[28.557054,77.453663]"
4/30/2023,127,69,29,48,5,4,Greater Noida,"[28.557054,77.453663]"
5/1/2023,88,56,10,44,4,4,Greater Noida,"[28.557054,77.453663]"
5/2/2023,82,68,13,48,4,5,Greater Noida,"[28.557054,77.453663]"
5/3/2023,74,71,19,42,4,6,Greater Noida,"[28.557054,77.453663]"
5/4/2023,100,86,45,22,5,6,Greater Noida,"[28.557054,77.453663]"
5/5/2023,95,137,73,27,6,6,Greater Noida,"[28.557054,77.453663]"
5/6/2023,145,144,38,33,11,17,Greater Noida,"[28.557054,77.453663]"
5/7/2023,123,101,56,31,9,27,Greater Noida,"[28.557054,77.453663]"
5/8/2023,101,98,36,29,6,10,Greater Noida,"[28.557054,77.453663]"
5/9/2023,105,139,77,36,10,10,Greater Noida,"[28.557054,77.453663]"
5/10/2023,134,117,60,35,13,6,Greater Noida,"[28.557054,77.453663]"
5/11/2023,120,180,88,46,14,8,Greater Noida,"[28.557054,77.453663]"
5/12/2023,148,159,87,43,12,6,Greater Noida,"[28.557054,77.453663]"
5/13/2023,140,184,81,46,11,9,Greater Noida,"[28.557054,77.453663]"
5/14/2023,143,192,73,37,14,12,Greater Noida,"[28.557054,77.453663]"
5/15/2023,139,123,51,27,9,6,Greater Noida,"[28.557054,77.453663]"
5/16/2023,74,390,21,29,8,3,Greater Noida,"[28.557054,77.453663]"
5/17/2023,149,236,22,34,10,4,Greater Noida,"[28.557054,77.453663]"
5/18/2023,129,77,22,22,7,4,Greater Noida,"[28.557054,77.453663]"
5/19/2023,71,90,31,20,9,7,Greater Noida,"[28.557054,77.453663]"
5/20/2023,90, , , , , ,Greater Noida,"[28.557054,77.453663]"
5/23/2023,95,166,22,26,7,18,Greater Noida,"[28.557054,77.453663]"
5/24/2023,71,84,26,17,6,4,Greater Noida,"[28.557054,77.453663]"
5/25/2023,63,68,73,21,6,4,Greater Noida,"[28.557054,77.453663]"
5/26/2023,45,61,54,20,5,7,Greater Noida,"[28.557054,77.453663]"
5/27/2023,61,109,8,22,6,17,Greater Noida,"[28.557054,77.453663]"
5/28/2023,104,139,12,20,4,8,Greater Noida,"[28.557054,77.453663]"
5/29/2023,121,124,39,32,5,6,Greater Noida,"[28.557054,77.453663]"
5/30/2023,82,72,37,52,8,25,Greater Noida,"[28.557054,77.453663]"
5/31/2023,85,61,32,43,5,7,Greater Noida,"[28.557054,77.453663]"
6/1/2023,69,70,35,40,8,10,Greater Noida,"[28.557054,77.453663]"
6/2/2023,80,83,37,41,8,15,Greater Noida,"[28.557054,77.453663]"
6/3/2023,73,110,36,45,12,15,Greater Noida,"[28.557054,77.453663]"
6/4/2023,102,116,31,43,9,23,Greater Noida,"[28.557054,77.453663]"
6/5/2023,121,102,36,38,6,42,Greater Noida,"[28.557054,77.453663]"
6/6/2023,104,134,30,44,7,28,Greater Noida,"[28.557054,77.453663]"
6/7/2023,88,213,17,45,8,33,Greater Noida,"[28.557054,77.453663]"
6/8/2023,113,132,11,54,11,22,Greater Noida,"[28.557054,77.453663]"
6/9/2023,93,117,18,45,11,29,Greater Noida,"[28.557054,77.453663]"
6/10/2023,83,107,11,39,7, ,Greater Noida,"[28.557054,77.453663]"
6/11/2023,72,102,7,35,5, ,Greater Noida,"[28.557054,77.453663]"
6/12/2023,73,114,18,37,5, ,Greater Noida,"[28.557054,77.453663]"
6/13/2023,79,160,21,38,5, ,Greater Noida,"[28.557054,77.453663]"
6/14/2023,97,143,18,34,5, ,Greater Noida,"[28.557054,77.453663]"
6/15/2023,78,118,25,33,5, ,Greater Noida,"[28.557054,77.453663]"
6/16/2023,74,79,21,31,7, ,Greater Noida,"[28.557054,77.453663]"
6/17/2023,69,103,38,20,4, ,Greater Noida,"[28.557054,77.453663]"
6/18/2023,97,72,28,9,4, ,Greater Noida,"[28.557054,77.453663]"
6/19/2023,68,71,20,9,4, ,Greater Noida,"[28.557054,77.453663]"
6/20/2023,63,95,18,10,4, ,Greater Noida,"[28.557054,77.453663]"
6/21/2023,80,74,52,10,4, ,Greater Noida,"[28.557054,77.453663]"
6/22/2023,81,98,45,10,4, ,Greater Noida,"[28.557054,77.453663]"
6/23/2023,95,115,20,10,5, ,Greater Noida,"[28.557054,77.453663]"
6/24/2023,111,114,15,14,3, ,Greater Noida,"[28.557054,77.453663]"
6/25/2023,104,55,14,13,3, ,Greater Noida,"[28.557054,77.453663]"
6/26/2023,81,118,20,13,3, ,Greater Noida,"[28.557054,77.453663]"
6/27/2023,119,98,21,13,3,5,Greater Noida,"[28.557054,77.453663]"
6/28/2023,87,105,27,13,3,5,Greater Noida,"[28.557054,77.453663]"
6/29/2023,87,95,8,11,3,6,Greater Noida,"[28.557054,77.453663]"
6/30/2023,97,53,14,13,3, ,Greater Noida,"[28.557054,77.453663]"
7/1/2023,56,73,17,13,3, ,Greater Noida,"[28.557054,77.453663]"
1/3/2023,191,288,12,16,6,8,Greater Noida,"[28.557054,77.453663]"
1/4/2023,258,308,14,17,7,9,Greater Noida,"[28.557054,77.453663]"
1/5/2023,248,397,7,19,5,14,Greater Noida,"[28.557054,77.453663]"
1/6/2023,277,402,12,22,7,12,Greater Noida,"[28.557054,77.453663]"
1/7/2023,284,364,19,24,9,11,Greater Noida,"[28.557054,77.453663]"
1/8/2023,234,358,15,22,7,14,Greater Noida,"[28.557054,77.453663]"
1/9/2023,257,393,7,22,7,11,Greater Noida,"[28.557054,77.453663]"
1/10/2023,286,344,12,24,6,14,Greater Noida,"[28.557054,77.453663]"
1/11/2023,248,164,6,14,6,5,Greater Noida,"[28.557054,77.453663]"
1/12/2023,182,166,9,11,6,7,Greater Noida,"[28.557054,77.453663]"
1/13/2023,183,231,16,13,6,12,Greater Noida,"[28.557054,77.453663]"
1/14/2023,222,171,17,12,5,7,Greater Noida,"[28.557054,77.453663]"
1/15/2023,205,116,30,12,5,8,Greater Noida,"[28.557054,77.453663]"
1/16/2023,143,169,30,22,8,7,Greater Noida,"[28.557054,77.453663]"
1/17/2023,183,175,25,24,7,6,Greater Noida,"[28.557054,77.453663]"
1/18/2023,181,270,33,26,10,10,Greater Noida,"[28.557054,77.453663]"
1/19/2023,220,327,36,29,10,12,Greater Noida,"[28.557054,77.453663]"
1/20/2023,249,159,20,15,9,6,Greater Noida,"[28.557054,77.453663]"
1/21/2023,158,280,31,16,6,11,Greater Noida,"[28.557054,77.453663]"
1/22/2023,219,322,19,20,9,10,Greater Noida,"[28.557054,77.453663]"
1/23/2023,253,288,18,18,7,13,Greater Noida,"[28.557054,77.453663]"
1/24/2023,203,145,11,13,5,6,Greater Noida,"[28.557054,77.453663]"
1/25/2023,146,126,5,13,5,8,Greater Noida,"[28.557054,77.453663]"
1/26/2023,163,147,7,10,5,4,Greater Noida,"[28.557054,77.453663]"
1/27/2023,196,121,28,12,6,5,Greater Noida,"[28.557054,77.453663]"
1/28/2023,161,190,37,18,6,8,Greater Noida,"[28.557054,77.453663]"
1/29/2023,177,186,5,16,5,11,Greater Noida,"[28.557054,77.453663]"
1/30/2023,220,77,8,10,5,8,Greater Noida,"[28.557054,77.453663]"
1/31/2023,112,119,12,9,5,8,Greater Noida,"[28.557054,77.453663]"
2/1/2023,160,110,19,9,5,5,Greater Noida,"[28.557054,77.453663]"
2/2/2023,158,114,26,10,5,4,Greater Noida,"[28.557054,77.453663]"
2/3/2023,149,138,7,14,6,9,Greater Noida,"[28.557054,77.453663]"
2/4/2023,168,154,28,12,8,7,Greater Noida,"[28.557054,77.453663]"
2/5/2023,170,164,25,10,7,9,Greater Noida,"[28.557054,77.453663]"
2/6/2023,156,186,20,9,6,9,Greater Noida,"[28.557054,77.453663]"
2/7/2023,170,159,16,9,6,6,Greater Noida,"[28.557054,77.453663]"
2/8/2023,162,105,30,7,6,8,Greater Noida,"[28.557054,77.453663]"
2/9/2023,127,122,28,9,8,3,Greater Noida,"[28.557054,77.453663]"
2/10/2023,151,153,21,7,5,5,Greater Noida,"[28.557054,77.453663]"
2/11/2023,162,157,18,28,6,7,Greater Noida,"[28.557054,77.453663]"
2/12/2023,164,99,6,60,6,4,Greater Noida,"[28.557054,77.453663]"
2/13/2023,89,114,6,49,7,22,Greater Noida,"[28.557054,77.453663]"
2/14/2023,77,89,6,62,8,16,Greater Noida,"[28.557054,77.453663]"
2/15/2023,99,113,6,72,8,35,Greater Noida,"[28.557054,77.453663]"
2/16/2023,138,240,6,82,7,31,Greater Noida,"[28.557054,77.453663]"
2/17/2023,187,258,6,76,5,32,Greater Noida,"[28.557054,77.453663]"
2/18/2023,200,264,6,88,6,14,Greater Noida,"[28.557054,77.453663]"
2/19/2023,202,198,6,73,6,11,Greater Noida,"[28.557054,77.453663]"
2/20/2023,193,179,6,54,5,17,Greater Noida,"[28.557054,77.453663]"
2/21/2023,173,129,6,37,6,11,Greater Noida,"[28.557054,77.453663]"
2/22/2023,157,150,6,39,6,4,Greater Noida,"[28.557054,77.453663]"
2/23/2023,162,116,6,39,6,10,Greater Noida,"[28.557054,77.453663]"
2/24/2023,123,113,6,39,7,5,Greater Noida,"[28.557054,77.453663]"
2/25/2023,126,180,6,49,8,7,Greater Noida,"[28.557054,77.453663]"
2/26/2023,163,210,6,41,8,7,Greater Noida,"[28.557054,77.453663]"
2/27/2023,181,163,7,49,8,7,Greater Noida,"[28.557054,77.453663]"
2/28/2023,157,159,7,53,10,6,Greater Noida,"[28.557054,77.453663]"
3/1/2023,142,172,7,46,9,10,Greater Noida,"[28.557054,77.453663]"
3/2/2023,116,124,7,47,9,6,Greater Noida,"[28.557054,77.453663]"
3/3/2023,135,94,7,40,8,3,Greater Noida,"[28.557054,77.453663]"
3/4/2023,102,93,1,39,9,3,Greater Noida,"[28.557054,77.453663]"
3/5/2023,84,86,1,40,7,3,Greater Noida,"[28.557054,77.453663]"
3/6/2023,93,90,1,39,7,3,Greater Noida,"[28.557054,77.453663]"
3/7/2023,104,106,1,47,8,5,Greater Noida,"[28.557054,77.453663]"
3/8/2023,118,118,1,39,10,6,Greater Noida,"[28.557054,77.453663]"
3/9/2023,143,73,1,34,9,1,Greater Noida,"[28.557054,77.453663]"
3/10/2023,94,106,1,43,8,8,Greater Noida,"[28.557054,77.453663]"
3/11/2023,135,126,1,46,9,8,Greater Noida,"[28.557054,77.453663]"
3/12/2023,138,181,1,46,11,10,Greater Noida,"[28.557054,77.453663]"
3/13/2023,155,145,7,50,11,11,Greater Noida,"[28.557054,77.453663]"
3/14/2023,150,113,13,39,13,10,Greater Noida,"[28.557054,77.453663]"
3/15/2023,131,163,17,44,20,11,Greater Noida,"[28.557054,77.453663]"
3/16/2023,155,146,10,44,13,11,Greater Noida,"[28.557054,77.453663]"
3/17/2023,145,137,11,33,11,6,Greater Noida,"[28.557054,77.453663]"
3/18/2023,155,76,5,33,7,6,Greater Noida,"[28.557054,77.453663]"
3/19/2023,121,102,8,30,9,10,Greater Noida,"[28.557054,77.453663]"
3/20/2023,134,98,6,30,5,8,Greater Noida,"[28.557054,77.453663]"
3/21/2023,111,73,8,29,5,6,Greater Noida,"[28.557054,77.453663]"
3/22/2023,92,130,16,36,8,8,Greater Noida,"[28.557054,77.453663]"
3/23/2023,150,118,15,42,9,9,Greater Noida,"[28.557054,77.453663]"
3/24/2023,111,158,5,37,8,5,Greater Noida,"[28.557054,77.453663]"
3/25/2023,139,98,15,36,5,10,Greater Noida,"[28.557054,77.453663]"
3/26/2023,77,151,32,65,9,5,Greater Noida,"[28.557054,77.453663]"
3/27/2023,164,90,38,62,11,4,Greater Noida,"[28.557054,77.453663]"
3/28/2023,89,107,39,74,11,7,Greater Noida,"[28.557054,77.453663]"
3/29/2023,108,149,48,77,19,7,Greater Noida,"[28.557054,77.453663]"
3/30/2023,138,109,45,72,16,1,Greater Noida,"[28.557054,77.453663]"
3/31/2023,123,30,29,46,6,3,Greater Noida,"[28.557054,77.453663]"
4/1/2023,50, , , , , ,Greater Noida,"[28.557054,77.453663]"
10/2/2022,140,138,16,13,3,12,Greater Noida,"[28.557054,77.453663]"
10/3/2022,120,96,18,9,2,6,Greater Noida,"[28.557054,77.453663]"
10/4/2022,88,125,36,13,3,10,Greater Noida,"[28.557054,77.453663]"
10/5/2022,121,138,9,13,4,10,Greater Noida,"[28.557054,77.453663]"
10/6/2022,131,40,9,3,4,2,Greater Noida,"[28.557054,77.453663]"
10/7/2022,24,40,8,4,1,5,Greater Noida,"[28.557054,77.453663]"
10/8/2022,23,15,11,3,2,5,Greater Noida,"[28.557054,77.453663]"
10/9/2022,18,3,8,4,7,15,Greater Noida,"[28.557054,77.453663]"
10/10/2022,15,27,7,6,4, ,Greater Noida,"[28.557054,77.453663]"
10/11/2022,21,69,14,7,3,4,Greater Noida,"[28.557054,77.453663]"
10/12/2022,78,131,57,15,3,5,Greater Noida,"[28.557054,77.453663]"
10/13/2022,168,124,37,14,4,2,Greater Noida,"[28.557054,77.453663]"
10/14/2022,135,119,48,16,4,3,Greater Noida,"[28.557054,77.453663]"
10/15/2022,130,174,53,18,4,5,Greater Noida,"[28.557054,77.453663]"
10/16/2022,144,192,60,21,6,9,Greater Noida,"[28.557054,77.453663]"
10/17/2022,172, , , , , ,Greater Noida,"[28.557054,77.453663]"
10/25/2022,225,121,53,11,13,3,Greater Noida,"[28.557054,77.453663]"
10/26/2022,164,190,58,21,9,5,Greater Noida,"[28.557054,77.453663]"
10/27/2022,205,275,54,25,7,10,Greater Noida,"[28.557054,77.453663]"
10/28/2022,271,352,41,31,6,12,Greater Noida,"[28.557054,77.453663]"
10/29/2022,281,310,43,32,6,13,Greater Noida,"[28.557054,77.453663]"
10/30/2022,219,260,58,29,3,13,Greater Noida,"[28.557054,77.453663]"
10/31/2022,189,332,40,32,2,12,Greater Noida,"[28.557054,77.453663]"
11/1/2022,202,331,65,27,3,11,Greater Noida,"[28.557054,77.453663]"
11/2/2022,224,242,57,23,3,7,Greater Noida,"[28.557054,77.453663]"
11/3/2022,197,403,59,37,3,15,Greater Noida,"[28.557054,77.453663]"
11/4/2022,282,308,56,27,2,10,Greater Noida,"[28.557054,77.453663]"
11/5/2022,229,163,28,15,2,6,Greater Noida,"[28.557054,77.453663]"
11/6/2022,178,193,38,17,2,6,Greater Noida,"[28.557054,77.453663]"
11/7/2022,187,227,38,18,3,6,Greater Noida,"[28.557054,77.453663]"
11/8/2022,194,265,23,18,3,8,Greater Noida,"[28.557054,77.453663]"
11/9/2022,233,205,31,19,3,4,Greater Noida,"[28.557054,77.453663]"
11/10/2022,175,235,51,23,3,6,Greater Noida,"[28.557054,77.453663]"
11/11/2022,207,186,36,20,3,3,Greater Noida,"[28.557054,77.453663]"
11/12/2022,196,155,43,19,3,3,Greater Noida,"[28.557054,77.453663]"
11/13/2022,175,165,49,23,4,5,Greater Noida,"[28.557054,77.453663]"
11/14/2022,175,236,44,23,3,8,Greater Noida,"[28.557054,77.453663]"
11/15/2022,192,155,45,23,4,5,Greater Noida,"[28.557054,77.453663]"
11/16/2022,155,138,36,18,4,2,Greater Noida,"[28.557054,77.453663]"
11/17/2022,151,146,38,18,4,2,Greater Noida,"[28.557054,77.453663]"
11/18/2022,167,194,41,26,3,5,Greater Noida,"[28.557054,77.453663]"
11/19/2022,182,218,44,32,5,8,Greater Noida,"[28.557054,77.453663]"
11/20/2022,185,189,50,29,5,6,Greater Noida,"[28.557054,77.453663]"
11/21/2022,190,181,49,28,4,6,Greater Noida,"[28.557054,77.453663]"
11/22/2022,178,147,40,25,4,4,Greater Noida,"[28.557054,77.453663]"
11/23/2022,152,149,38,25,4,4,Greater Noida,"[28.557054,77.453663]"
11/25/2022,162,349,51,37,4,13,Greater Noida,"[28.557054,77.453663]"
11/26/2022,219,282,51,31,5,7,Greater Noida,"[28.557054,77.453663]"
11/27/2022,206,274,53,31,4,8,Greater Noida,"[28.557054,77.453663]"
11/28/2022,209,441,54,40,4,17,Greater Noida,"[28.557054,77.453663]"
11/29/2022,256,460,36,36,3,17,Greater Noida,"[28.557054,77.453663]"
11/30/2022,267,383,33,35,3,17,Greater Noida,"[28.557054,77.453663]"
12/1/2022,249,360,36,34,3,15,Greater Noida,"[28.557054,77.453663]"
12/2/2022,254,337,36,27,4,11,Greater Noida,"[28.557054,77.453663]"
12/3/2022,241,371,36,27,3, ,Greater Noida,"[28.557054,77.453663]"
12/4/2022,267,403,34,31,4,2,Greater Noida,"[28.557054,77.453663]"
12/5/2022,281,286,42,30,5,9,Greater Noida,"[28.557054,77.453663]"
12/6/2022,213,226,28,27,5,11,Greater Noida,"[28.557054,77.453663]"
12/7/2022,196,159,26,20,4,8,Greater Noida,"[28.557054,77.453663]"
12/8/2022,171,186,47,22,5,10,Greater Noida,"[28.557054,77.453663]"
12/9/2022,179,299,29,29,6,17,Greater Noida,"[28.557054,77.453663]"
12/10/2022,201,400,45,32,5,17,Greater Noida,"[28.557054,77.453663]"
12/11/2022,254,164,27,22,6,8,Greater Noida,"[28.557054,77.453663]"
12/12/2022,177,151,26,23,7,8,Greater Noida,"[28.557054,77.453663]"
12/13/2022,156,125,25,15,6,3,Greater Noida,"[28.557054,77.453663]"
12/14/2022,118,127,29,16,5,4,Greater Noida,"[28.557054,77.453663]"
12/15/2022,135,133,27,22,6,8,Greater Noida,"[28.557054,77.453663]"
12/16/2022,148,174,27,27,6,11,Greater Noida,"[28.557054,77.453663]"
12/17/2022,171,275,25,29,5,17,Greater Noida,"[28.557054,77.453663]"
12/18/2022,205,479,25,33,5,21,Greater Noida,"[28.557054,77.453663]"
12/19/2022,307,462,15,31,5,19,Greater Noida,"[28.557054,77.453663]"
12/20/2022,315,350,24,27,5,16,Greater Noida,"[28.557054,77.453663]"
12/21/2022,257,287,13,19,5,11,Greater Noida,"[28.557054,77.453663]"
12/22/2022,221,358,11,21,5,14,Greater Noida,"[28.557054,77.453663]"
12/23/2022,252,269,9,20,5,12,Greater Noida,"[28.557054,77.453663]"
12/24/2022,208,183,22,20,7,8,Greater Noida,"[28.557054,77.453663]"
12/25/2022,187,194,15,17,5,11,Greater Noida,"[28.557054,77.453663]"
12/26/2022,204,252,7,17,6,8,Greater Noida,"[28.557054,77.453663]"
12/27/2022,229,193,18,21,4,11,Greater Noida,"[28.557054,77.453663]"
12/28/2022,211,172,25,19,5,9,Greater Noida,"[28.557054,77.453663]"
12/29/2022,179,229,33,24,8,10,Greater Noida,"[28.557054,77.453663]"
12/30/2022,207,308,22,16,5,14,Greater Noida,"[28.557054,77.453663]"
12/31/2022,260,231,17,15,5,10,Greater Noida,"[28.557054,77.453663]"
1/1/2023,220,183,24,18,5,9,Greater Noida,"[28.557054,77.453663]"
1/2/2023,186,141,18,9,4,9,Greater Noida,"[28.557054,77.453663]"
7/2/2022,62,57,3,6,2,8,Greater Noida,"[28.557054,77.453663]"
7/3/2022,69,49,3,6,3,8,Greater Noida,"[28.557054,77.453663]"
7/4/2022,62,79,2,9,2,9,Greater Noida,"[28.557054,77.453663]"
7/5/2022,88,109,10,8,2,8,Greater Noida,"[28.557054,77.453663]"
7/6/2022,99,76,5,7,2,8,Greater Noida,"[28.557054,77.453663]"
7/7/2022,83,73,6,7,1,7,Greater Noida,"[28.557054,77.453663]"
7/8/2022,67,70,9,8,3,8,Greater Noida,"[28.557054,77.453663]"
7/9/2022,64,68,5,7,4,5,Greater Noida,"[28.557054,77.453663]"
7/10/2022,62,63,8,7,2,7,Greater Noida,"[28.557054,77.453663]"
7/11/2022,70,79,10,11,2,9,Greater Noida,"[28.557054,77.453663]"
7/12/2022,80,72,6,11,2,10,Greater Noida,"[28.557054,77.453663]"
7/13/2022,67,61,6,10,4,10,Greater Noida,"[28.557054,77.453663]"
7/14/2022,55,76,5,9,2,9,Greater Noida,"[28.557054,77.453663]"
7/15/2022,58,72,7,7,2,7,Greater Noida,"[28.557054,77.453663]"
7/16/2022,43,41,6,7,3,9,Greater Noida,"[28.557054,77.453663]"
7/17/2022,39,55,4,7,2,12,Greater Noida,"[28.557054,77.453663]"
7/18/2022,44,109,6,10,2,27,Greater Noida,"[28.557054,77.453663]"
7/19/2022,81,87,7,9,3,29,Greater Noida,"[28.557054,77.453663]"
7/20/2022,77,55,3,9,4,11,Greater Noida,"[28.557054,77.453663]"
7/21/2022,66,51,9,10,4,7,Greater Noida,"[28.557054,77.453663]"
7/22/2022,73,45,3,8,2,18,Greater Noida,"[28.557054,77.453663]"
7/23/2022,59,42,4,4,3,11,Greater Noida,"[28.557054,77.453663]"
7/24/2022,45,45,6,4,4,12,Greater Noida,"[28.557054,77.453663]"
7/25/2022,44,47,7,4,2,9,Greater Noida,"[28.557054,77.453663]"
7/26/2022,47,45,6,4,2,14,Greater Noida,"[28.557054,77.453663]"
7/27/2022,50,54,6,6,2,22,Greater Noida,"[28.557054,77.453663]"
7/28/2022,60,37,7,8,3,21,Greater Noida,"[28.557054,77.453663]"
7/29/2022,43,30,4,7,2,16,Greater Noida,"[28.557054,77.453663]"
7/30/2022,39,48,5,8,3,20,Greater Noida,"[28.557054,77.453663]"
7/31/2022,49,50,6,7,2,19,Greater Noida,"[28.557054,77.453663]"
8/1/2022,52,64,9,9,3,13,Greater Noida,"[28.557054,77.453663]"
8/2/2022,59,109,13,11,2,18,Greater Noida,"[28.557054,77.453663]"
8/3/2022,75,99,8,11,2,19,Greater Noida,"[28.557054,77.453663]"
8/4/2022,100,69,4,7,2,22,Greater Noida,"[28.557054,77.453663]"
8/5/2022,71,65,4,6,2,20,Greater Noida,"[28.557054,77.453663]"
8/6/2022,69,70,5,9,4,13,Greater Noida,"[28.557054,77.453663]"
8/7/2022,88,50,3,7,1,10,Greater Noida,"[28.557054,77.453663]"
8/8/2022,59,79,7,8,1,22,Greater Noida,"[28.557054,77.453663]"
8/9/2022,76,74,5,7,2,23,Greater Noida,"[28.557054,77.453663]"
8/10/2022,67,74,5,7,2,18,Greater Noida,"[28.557054,77.453663]"
8/11/2022,52,54,4,5,2,24,Greater Noida,"[28.557054,77.453663]"
8/12/2022,32,59,7,4,2,24,Greater Noida,"[28.557054,77.453663]"
8/13/2022,35,57,7,6,2,23,Greater Noida,"[28.557054,77.453663]"
8/14/2022,60,61,5,8,2,24,Greater Noida,"[28.557054,77.453663]"
8/15/2022,62,58,5,5,2,23,Greater Noida,"[28.557054,77.453663]"
8/16/2022,36,54,6,3,3,11,Greater Noida,"[28.557054,77.453663]"
8/17/2022,35,31,7,5,1,5,Greater Noida,"[28.557054,77.453663]"
8/18/2022,30,49,13,5,2,10,Greater Noida,"[28.557054,77.453663]"
8/19/2022,49,56,18,5,1,10,Greater Noida,"[28.557054,77.453663]"
8/20/2022,45,76,11,12,2,18,Greater Noida,"[28.557054,77.453663]"
8/21/2022,82,87,14,9,2,17,Greater Noida,"[28.557054,77.453663]"
8/22/2022,95,85,9,7,2,13,Greater Noida,"[28.557054,77.453663]"
8/23/2022,70,57,13,3,3,24,Greater Noida,"[28.557054,77.453663]"
8/24/2022,48,54,9,6,3,13,Greater Noida,"[28.557054,77.453663]"
8/25/2022,45,62,17,6,2,12,Greater Noida,"[28.557054,77.453663]"
8/26/2022,59,83,16,9,4,6,Greater Noida,"[28.557054,77.453663]"
8/27/2022,71,74,17,6,2,4,Greater Noida,"[28.557054,77.453663]"
8/28/2022,60,96,18,7,1,5,Greater Noida,"[28.557054,77.453663]"
8/29/2022,69,90,19,7,4,6,Greater Noida,"[28.557054,77.453663]"
8/30/2022,73,74,19,12,3,7,Greater Noida,"[28.557054,77.453663]"
8/31/2022,93,104,20,13,3,8,Greater Noida,"[28.557054,77.453663]"
9/1/2022,90,113,19,13,2,9,Greater Noida,"[28.557054,77.453663]"
9/2/2022,98,89,9,13,3,9,Greater Noida,"[28.557054,77.453663]"
9/3/2022,92,103,11,9,2,8,Greater Noida,"[28.557054,77.453663]"
9/4/2022,72,85,17,7,2,7,Greater Noida,"[28.557054,77.453663]"
9/5/2022,54,80,27,8,3,7,Greater Noida,"[28.557054,77.453663]"
9/6/2022,55,105,17,12,2,8,Greater Noida,"[28.557054,77.453663]"
9/7/2022,84,131,26,15,3,7,Greater Noida,"[28.557054,77.453663]"
9/8/2022,106,132,24,12,2,7,Greater Noida,"[28.557054,77.453663]"
9/9/2022,125,90,17,8,1,7,Greater Noida,"[28.557054,77.453663]"
9/10/2022,100,86,11,8,4,8,Greater Noida,"[28.557054,77.453663]"
9/11/2022,100,73,14,6,2,5,Greater Noida,"[28.557054,77.453663]"
9/12/2022,60,77,12,7,1,7,Greater Noida,"[28.557054,77.453663]"
9/13/2022,52,57,9,5,2,5,Greater Noida,"[28.557054,77.453663]"
9/14/2022,26,58,7,5,2,8,Greater Noida,"[28.557054,77.453663]"
9/15/2022,32,44,7,5,2,7,Greater Noida,"[28.557054,77.453663]"
9/16/2022,33,29,3,6,2,5,Greater Noida,"[28.557054,77.453663]"
9/17/2022,20,63,27,8,5,4,Greater Noida,"[28.557054,77.453663]"
9/18/2022,57,98,28,10,2,6,Greater Noida,"[28.557054,77.453663]"
9/19/2022,84,114,18,12,2,8,Greater Noida,"[28.557054,77.453663]"
9/20/2022,117,81,8,10,2,8,Greater Noida,"[28.557054,77.453663]"
9/21/2022,90,71,5,10,4,12,Greater Noida,"[28.557054,77.453663]"
9/22/2022,81,32,3,7,2,6,Greater Noida,"[28.557054,77.453663]"
9/23/2022,49,24,7,7,5,8,Greater Noida,"[28.557054,77.453663]"
9/24/2022,50,22,6,4,1,4,Greater Noida,"[28.557054,77.453663]"
9/25/2022,42,43,21,7,3,11,Greater Noida,"[28.557054,77.453663]"
9/26/2022,46,85,27,10,4,6,Greater Noida,"[28.557054,77.453663]"
9/27/2022,89,101,41,12,3,8,Greater Noida,"[28.557054,77.453663]"
9/28/2022,88,128,28,15,2,12,Greater Noida,"[28.557054,77.453663]"
9/29/2022,110,127,29,14,2,10,Greater Noida,"[28.557054,77.453663]"
9/30/2022,127,132,25,16,3,15,Greater Noida,"[28.557054,77.453663]"
10/1/2022,148,143,20,16,3,13,Greater Noida,"[28.557054,77.453663]"
4/2/2022,119,179,89,40,16,14,Greater Noida,"[28.557054,77.453663]"
4/3/2022,145,201,95,32,19,13,Greater Noida,"[28.557054,77.453663]"
4/4/2022,156,177,68,33,19,11,Greater Noida,"[28.557054,77.453663]"
4/5/2022,142,144,64,32,18,10,Greater Noida,"[28.557054,77.453663]"
4/6/2022,126,163,70,36,24,11,Greater Noida,"[28.557054,77.453663]"
4/7/2022,139,178,67,38,20,14,Greater Noida,"[28.557054,77.453663]"
4/8/2022,144,173,84,40,23,16,Greater Noida,"[28.557054,77.453663]"
4/9/2022,141,225,90,41,14,20,Greater Noida,"[28.557054,77.453663]"
4/10/2022,143,172,69,33,19,12,Greater Noida,"[28.557054,77.453663]"
4/11/2022,141,160,72,36,17,13,Greater Noida,"[28.557054,77.453663]"
4/12/2022,136,256,64,42,16,15,Greater Noida,"[28.557054,77.453663]"
4/13/2022,143,291,57,31,13,11,Greater Noida,"[28.557054,77.453663]"
4/14/2022,149,275,69,18,12,5,Greater Noida,"[28.557054,77.453663]"
4/15/2022,124,197,72,24,13,9,Greater Noida,"[28.557054,77.453663]"
4/16/2022,123,256,73,22,24,13,Greater Noida,"[28.557054,77.453663]"
4/17/2022,157,255,92,22,24,11,Greater Noida,"[28.557054,77.453663]"
4/18/2022,162,247,109,26,20,16,Greater Noida,"[28.557054,77.453663]"
4/19/2022,163,301,67,27,20,15,Greater Noida,"[28.557054,77.453663]"
4/20/2022,165,178,49,21,14,10,Greater Noida,"[28.557054,77.453663]"
4/21/2022,134,348,19,21,17,14,Greater Noida,"[28.557054,77.453663]"
4/22/2022,147,309,84,18,18,8,Greater Noida,"[28.557054,77.453663]"
4/23/2022,168,189,67,22,17,11,Greater Noida,"[28.557054,77.453663]"
4/24/2022,135,168,71,16,15,7,Greater Noida,"[28.557054,77.453663]"
4/25/2022,140,215,75,13,15,7,Greater Noida,"[28.557054,77.453663]"
4/26/2022,132,168,62,22,13,11,Greater Noida,"[28.557054,77.453663]"
4/27/2022,117,181,83,31,14,14,Greater Noida,"[28.557054,77.453663]"
4/28/2022,152,220,67,34,20,17,Greater Noida,"[28.557054,77.453663]"
4/29/2022,172,198,41,28,19,14,Greater Noida,"[28.557054,77.453663]"
4/30/2022,158,185,43,23,19,12,Greater Noida,"[28.557054,77.453663]"
5/1/2022,144,170,28,11,10,8,Greater Noida,"[28.557054,77.453663]"
5/2/2022,132,142,30,9,7,7,Greater Noida,"[28.557054,77.453663]"
5/3/2022,124,206,29,10,8,8,Greater Noida,"[28.557054,77.453663]"
5/4/2022,145,126,26,10,7,8,Greater Noida,"[28.557054,77.453663]"
5/5/2022,118,137,47,18,11,9,Greater Noida,"[28.557054,77.453663]"
5/6/2022,120,139,57,14,10,8,Greater Noida,"[28.557054,77.453663]"
5/7/2022,154,170,42,19,10,10,Greater Noida,"[28.557054,77.453663]"
5/8/2022,144,120,43,13,9,8,Greater Noida,"[28.557054,77.453663]"
5/9/2022,135,105,34,10,6,7,Greater Noida,"[28.557054,77.453663]"
5/10/2022,117,99,31,10,5,7,Greater Noida,"[28.557054,77.453663]"
5/11/2022,107,101,33,10,6,8,Greater Noida,"[28.557054,77.453663]"
5/12/2022,108,108,37,12,6,8,Greater Noida,"[28.557054,77.453663]"
5/13/2022,118,136,60,14,8,10,Greater Noida,"[28.557054,77.453663]"
5/14/2022,123,163,49,20,11,13,Greater Noida,"[28.557054,77.453663]"
5/15/2022,142,271,57,24,14,14,Greater Noida,"[28.557054,77.453663]"
5/16/2022,146,394,30,14,9,7,Greater Noida,"[28.557054,77.453663]"
5/17/2022,143,156,52,14,9,8,Greater Noida,"[28.557054,77.453663]"
5/18/2022,104,174,29,13,11,8,Greater Noida,"[28.557054,77.453663]"
5/19/2022,130,187,50,20,9,10,Greater Noida,"[28.557054,77.453663]"
5/20/2022,148,238,49,19,15,11,Greater Noida,"[28.557054,77.453663]"
5/21/2022,157,175,27,11,8,4,Greater Noida,"[28.557054,77.453663]"
5/22/2022,108,120,40,12,7,6,Greater Noida,"[28.557054,77.453663]"
5/23/2022,108,79,16,7,7,5,Greater Noida,"[28.557054,77.453663]"
5/24/2022,67,67,23,10,4,6,Greater Noida,"[28.557054,77.453663]"
5/25/2022,80,131,40,16,4,11,Greater Noida,"[28.557054,77.453663]"
5/26/2022,145,158,45,20,4,11,Greater Noida,"[28.557054,77.453663]"
5/27/2022,163,151,30,13,5,8,Greater Noida,"[28.557054,77.453663]"
5/28/2022,132,170,27,11,5,7,Greater Noida,"[28.557054,77.453663]"
5/29/2022,120,146,30,10,4,7,Greater Noida,"[28.557054,77.453663]"
5/30/2022,121,143,16,14,6,7,Greater Noida,"[28.557054,77.453663]"
5/31/2022,119,214,32,20,5,12,Greater Noida,"[28.557054,77.453663]"
6/1/2022,155,240,29,23,8,11,Greater Noida,"[28.557054,77.453663]"
6/2/2022,143,190,35,22,7,10,Greater Noida,"[28.557054,77.453663]"
6/3/2022,130,204,45,26,9,13,Greater Noida,"[28.557054,77.453663]"
6/4/2022,142,158,45,20,10,8,Greater Noida,"[28.557054,77.453663]"
6/5/2022,126,156,31,14,9,6,Greater Noida,"[28.557054,77.453663]"
6/6/2022,101,171,36,19,12,6,Greater Noida,"[28.557054,77.453663]"
6/7/2022,104,251,32,16,12,7,Greater Noida,"[28.557054,77.453663]"
6/8/2022,137,281,24,14,8,8,Greater Noida,"[28.557054,77.453663]"
6/9/2022,137,165,33,12,9,5,Greater Noida,"[28.557054,77.453663]"
6/10/2022,105,239,21,13,8,6,Greater Noida,"[28.557054,77.453663]"
6/11/2022,136,195,22,15,7,8,Greater Noida,"[28.557054,77.453663]"
6/12/2022,130,177,26,15,9,7,Greater Noida,"[28.557054,77.453663]"
6/13/2022,131,151,24,8,7,5,Greater Noida,"[28.557054,77.453663]"
6/14/2022,100,147,23,7,6,5,Greater Noida,"[28.557054,77.453663]"
6/15/2022,106,106,22,6,5,5,Greater Noida,"[28.557054,77.453663]"
6/16/2022,70,140,22,8,6,5,Greater Noida,"[28.557054,77.453663]"
6/17/2022,75,54,11,8,7,9,Greater Noida,"[28.557054,77.453663]"
6/18/2022,60,66,8,9,3,7,Greater Noida,"[28.557054,77.453663]"
6/19/2022,75,85,16,9,3,8,Greater Noida,"[28.557054,77.453663]"
6/20/2022,99,99,18,10,3,7,Greater Noida,"[28.557054,77.453663]"
6/21/2022,102,120,13,11,4,7,Greater Noida,"[28.557054,77.453663]"
6/22/2022,114,134,22,12,3,7,Greater Noida,"[28.557054,77.453663]"
6/23/2022,117,107,26,10,7,5,Greater Noida,"[28.557054,77.453663]"
6/24/2022,99,162,35,15,7,7,Greater Noida,"[28.557054,77.453663]"
6/25/2022,114,216,35,18,8,10,Greater Noida,"[28.557054,77.453663]"
6/26/2022,138,141,18,9,5,9,Greater Noida,"[28.557054,77.453663]"
6/27/2022,113,100,15,7,4,7,Greater Noida,"[28.557054,77.453663]"
6/28/2022,100,105,16,8,3,8,Greater Noida,"[28.557054,77.453663]"
6/29/2022,133,87,9,7,3,7,Greater Noida,"[28.557054,77.453663]"
6/30/2022,96,48,3,7,2,7,Greater Noida,"[28.557054,77.453663]"
7/1/2022,56,52,4,7,2,10,Greater Noida,"[28.557054,77.453663]"
1/4/2022,203,186,168,47,9,24,Greater Noida,"[28.557054,77.453663]"
1/5/2022,199,180,121,31,4,20,Greater Noida,"[28.557054,77.453663]"
1/6/2022,226,75,113,17,4,9,Greater Noida,"[28.557054,77.453663]"
1/7/2022,135,224,63,15,3,6,Greater Noida,"[28.557054,77.453663]"
1/8/2022,224,294,1,11,3,6,Greater Noida,"[28.557054,77.453663]"
1/9/2022,279,87,4,13,3,7,Greater Noida,"[28.557054,77.453663]"
1/10/2022,131,201,2,19,7,9,Greater Noida,"[28.557054,77.453663]"
1/11/2022,236,141,2,21,6,9,Greater Noida,"[28.557054,77.453663]"
1/12/2022,182,206, ,22,6,11,Greater Noida,"[28.557054,77.453663]"
1/13/2022,244,482,1,34,4,21,Greater Noida,"[28.557054,77.453663]"
1/14/2022,333,150,1,24,3,13,Greater Noida,"[28.557054,77.453663]"
1/15/2022,195,120,1,19,3,9,Greater Noida,"[28.557054,77.453663]"
1/16/2022,175,150,1,21,4,10,Greater Noida,"[28.557054,77.453663]"
1/17/2022,192,146,1,18,4,12,Greater Noida,"[28.557054,77.453663]"
1/18/2022,193,177,1,24,3,14,Greater Noida,"[28.557054,77.453663]"
1/19/2022,212,201,11,24,4,14,Greater Noida,"[28.557054,77.453663]"
1/20/2022,213,160,10,18,4,15,Greater Noida,"[28.557054,77.453663]"
1/21/2022,203,148,10,22,4,16,Greater Noida,"[28.557054,77.453663]"
1/22/2022,192,99,9,16,3,11,Greater Noida,"[28.557054,77.453663]"
1/23/2022,171,100,10,16,4,13,Greater Noida,"[28.557054,77.453663]"
1/24/2022,167,150,8,23,4,19,Greater Noida,"[28.557054,77.453663]"
1/25/2022,193,129,12,21,4,13,Greater Noida,"[28.557054,77.453663]"
1/26/2022,174,125,10,20,5,13,Greater Noida,"[28.557054,77.453663]"
1/27/2022,173,119,11,27,6,12,Greater Noida,"[28.557054,77.453663]"
1/28/2022,171,102,13,26,5,10,Greater Noida,"[28.557054,77.453663]"
1/29/2022,146,123,12,35,6,13,Greater Noida,"[28.557054,77.453663]"
1/30/2022,165,131,11,26,8,10,Greater Noida,"[28.557054,77.453663]"
1/31/2022,173,169,8,23,4,16,Greater Noida,"[28.557054,77.453663]"
2/1/2022,199,161,9,27,5,18,Greater Noida,"[28.557054,77.453663]"
2/2/2022,201,148,8,22,5,11,Greater Noida,"[28.557054,77.453663]"
2/3/2022,193,107,10,15,3,10,Greater Noida,"[28.557054,77.453663]"
2/4/2022,175,78,8,12,4,9,Greater Noida,"[28.557054,77.453663]"
2/5/2022,116,137,17,45,6,13,Greater Noida,"[28.557054,77.453663]"
2/6/2022,165,163,30,40,6,18,Greater Noida,"[28.557054,77.453663]"
2/7/2022,189,133,34,31,4,11,Greater Noida,"[28.557054,77.453663]"
2/8/2022,167,164,29,33,4,12,Greater Noida,"[28.557054,77.453663]"
2/9/2022,169,103,15,24,5,9,Greater Noida,"[28.557054,77.453663]"
2/10/2022,129,96,32,24,3,9,Greater Noida,"[28.557054,77.453663]"
2/11/2022,139,101,37,28,5,8,Greater Noida,"[28.557054,77.453663]"
2/12/2022,132,110,37,33,6,11,Greater Noida,"[28.557054,77.453663]"
2/13/2022,136,149,47,34,6,16,Greater Noida,"[28.557054,77.453663]"
2/14/2022,164,155,43,34,6,13,Greater Noida,"[28.557054,77.453663]"
2/15/2022,161,141,50,32,5,12,Greater Noida,"[28.557054,77.453663]"
2/16/2022,154,213,49,48,10,18,Greater Noida,"[28.557054,77.453663]"
2/17/2022,346,161,38,38,10,13,Greater Noida,"[28.557054,77.453663]"
2/18/2022,159,150,33,39,8,14,Greater Noida,"[28.557054,77.453663]"
2/19/2022,153,116,36,30,7,10,Greater Noida,"[28.557054,77.453663]"
2/20/2022,135,104,40,20,6,8,Greater Noida,"[28.557054,77.453663]"
2/21/2022,133,131,41,30,8,10,Greater Noida,"[28.557054,77.453663]"
2/22/2022,132,162,39,23,7,8,Greater Noida,"[28.557054,77.453663]"
2/23/2022,143,138,25,21,6,11,Greater Noida,"[28.557054,77.453663]"
2/24/2022,165,294,39,31,7,14,Greater Noida,"[28.557054,77.453663]"
2/25/2022,230,190,35,26,5,11,Greater Noida,"[28.557054,77.453663]"
2/26/2022,179,62,22,15,4,6,Greater Noida,"[28.557054,77.453663]"
2/27/2022,58,66,31,19,7,6,Greater Noida,"[28.557054,77.453663]"
2/28/2022,76,70,43,21,7,7,Greater Noida,"[28.557054,77.453663]"
3/1/2022,84,104,59,30,9,10,Greater Noida,"[28.557054,77.453663]"
3/2/2022,141,149,50,37,13,13,Greater Noida,"[28.557054,77.453663]"
3/3/2022,157,111,33,24,7,10,Greater Noida,"[28.557054,77.453663]"
3/4/2022,125,106,29,22,7,8,Greater Noida,"[28.557054,77.453663]"
3/5/2022,131,76,36,18,7,8,Greater Noida,"[28.557054,77.453663]"
3/6/2022,98,105,54,26,9,9,Greater Noida,"[28.557054,77.453663]"
3/7/2022,138,183,36,36,7,14,Greater Noida,"[28.557054,77.453663]"
3/8/2022,158,140,39,32,9,11,Greater Noida,"[28.557054,77.453663]"
3/9/2022,139,95,36,25,10,8,Greater Noida,"[28.557054,77.453663]"
3/10/2022,99,91,43,19,12,8,Greater Noida,"[28.557054,77.453663]"
3/11/2022,99,101,40,21,11,9,Greater Noida,"[28.557054,77.453663]"
3/12/2022,116,99,43,25,11,9,Greater Noida,"[28.557054,77.453663]"
3/13/2022,110,125,53,31,15,11,Greater Noida,"[28.557054,77.453663]"
3/14/2022,135,166,60,33,11,15,Greater Noida,"[28.557054,77.453663]"
3/15/2022,162,138,52,30,12,14,Greater Noida,"[28.557054,77.453663]"
3/16/2022,157,201,35,18,8,9,Greater Noida,"[28.557054,77.453663]"
3/17/2022,202,138,38,22,9,12,Greater Noida,"[28.557054,77.453663]"
3/18/2022,163,130,39,13,6,11,Greater Noida,"[28.557054,77.453663]"
3/19/2022,173,123,41,14,6,12,Greater Noida,"[28.557054,77.453663]"
3/20/2022,164,152,59,22,8,13,Greater Noida,"[28.557054,77.453663]"
3/21/2022,170,188,57,26,11,15,Greater Noida,"[28.557054,77.453663]"
3/22/2022,178,117,47,15,11,7,Greater Noida,"[28.557054,77.453663]"
3/23/2022,122,183,59,27,12,12,Greater Noida,"[28.557054,77.453663]"
3/24/2022,149,262,45,30,14,14,Greater Noida,"[28.557054,77.453663]"
3/25/2022,167,203,45,22,11,8,Greater Noida,"[28.557054,77.453663]"
3/26/2022,175,160,45,20,11,7,Greater Noida,"[28.557054,77.453663]"
3/27/2022,118,133,63,23,11,10,Greater Noida,"[28.557054,77.453663]"
3/28/2022,126,199,72,33,12,16,Greater Noida,"[28.557054,77.453663]"
3/29/2022,153,230,63,33,18,12,Greater Noida,"[28.557054,77.453663]"
3/30/2022,184,304,92,38,18,13,Greater Noida,"[28.557054,77.453663]"
3/31/2022,208,273,71,36,22,14,Greater Noida,"[28.557054,77.453663]"
4/1/2022,180,137,65,22,14,8,Greater Noida,"[28.557054,77.453663]"
10/2/2021,134,117,43,17,4,11,Greater Noida,"[28.557054,77.453663]"
10/3/2021,146,84,30,13,4,7,Greater Noida,"[28.557054,77.453663]"
10/4/2021,109,101,35,15,2,9,Greater Noida,"[28.557054,77.453663]"
10/5/2021,89,91,48,16,3,7,Greater Noida,"[28.557054,77.453663]"
10/6/2021,114,102,48,16,4,9,Greater Noida,"[28.557054,77.453663]"
10/7/2021,141,116,55,15,5,8,Greater Noida,"[28.557054,77.453663]"
10/8/2021,152,152,50,23,6,11,Greater Noida,"[28.557054,77.453663]"
10/9/2021,156,174,43,26,5,11,Greater Noida,"[28.557054,77.453663]"
10/10/2021,152,179,38,26,6,13,Greater Noida,"[28.557054,77.453663]"
10/11/2021,148,194,35,27,7,12,Greater Noida,"[28.557054,77.453663]"
10/12/2021,151,154,39,26,8,12,Greater Noida,"[28.557054,77.453663]"
10/13/2021,152,145,41,22,10,7,Greater Noida,"[28.557054,77.453663]"
10/14/2021,150,147,49,24,10,9,Greater Noida,"[28.557054,77.453663]"
10/15/2021,159,190,106,29,9,13,Greater Noida,"[28.557054,77.453663]"
10/16/2021,174,275,53,34,7,17,Greater Noida,"[28.557054,77.453663]"
10/17/2021,233,114,13,17,6,8,Greater Noida,"[28.557054,77.453663]"
10/18/2021,148,32,12,12,6,7,Greater Noida,"[28.557054,77.453663]"
10/19/2021,44,90,32,17,5,8,Greater Noida,"[28.557054,77.453663]"
10/20/2021,133,146,45,27,6,11,Greater Noida,"[28.557054,77.453663]"
10/21/2021,181,150,28,30,6,10,Greater Noida,"[28.557054,77.453663]"
10/22/2021,142,166,34,26,6,9,Greater Noida,"[28.557054,77.453663]"
10/23/2021,124,157,35,26,5,10,Greater Noida,"[28.557054,77.453663]"
10/24/2021,158,113,30,17,4,7,Greater Noida,"[28.557054,77.453663]"
10/25/2021,148,85,42,19,9,9,Greater Noida,"[28.557054,77.453663]"
10/26/2021,119,122,38,24,5,9,Greater Noida,"[28.557054,77.453663]"
10/27/2021,153,173,43,33,9,12,Greater Noida,"[28.557054,77.453663]"
10/28/2021,187,180,49,33,7,12,Greater Noida,"[28.557054,77.453663]"
10/29/2021,199,267,41,37,8,18,Greater Noida,"[28.557054,77.453663]"
10/30/2021,219,179,50,37,9,13,Greater Noida,"[28.557054,77.453663]"
10/31/2021,190,260,65,32,9,14,Greater Noida,"[28.557054,77.453663]"
11/1/2021,226,287,56,32,8,12,Greater Noida,"[28.557054,77.453663]"
11/2/2021,217,224,41,32,7,12,Greater Noida,"[28.557054,77.453663]"
11/3/2021,242,187,45,33,6,14,Greater Noida,"[28.557054,77.453663]"
11/4/2021,217,333,58,31,8,19,Greater Noida,"[28.557054,77.453663]"
11/5/2021,319,584,41,32,8,21,Greater Noida,"[28.557054,77.453663]"
11/6/2021,541,289,63,34,11,16,Greater Noida,"[28.557054,77.453663]"
11/7/2021,304,278,62,39,9,17,Greater Noida,"[28.557054,77.453663]"
11/8/2021,273,318,64,47,10,18,Greater Noida,"[28.557054,77.453663]"
11/9/2021,306,408,88,46,15,20,Greater Noida,"[28.557054,77.453663]"
11/10/2021,352,348,93,47,12,21,Greater Noida,"[28.557054,77.453663]"
11/11/2021,311,536,24,65,11,27,Greater Noida,"[28.557054,77.453663]"
11/12/2021,385,488,54,62,12,28,Greater Noida,"[28.557054,77.453663]"
11/13/2021,415,238,56,55,12,21,Greater Noida,"[28.557054,77.453663]"
11/14/2021,269,381,116,49,15,14,Greater Noida,"[28.557054,77.453663]"
11/15/2021,220,322,63,53,15,16,Greater Noida,"[28.557054,77.453663]"
11/16/2021,253,327,73,50,10,20,Greater Noida,"[28.557054,77.453663]"
11/17/2021,293,273,50,50,9,24,Greater Noida,"[28.557054,77.453663]"
11/18/2021,232,298,60,49,10,22,Greater Noida,"[28.557054,77.453663]"
11/19/2021,244,314,123,49,18,19,Greater Noida,"[28.557054,77.453663]"
11/20/2021,279,211,85,65,14,22,Greater Noida,"[28.557054,77.453663]"
11/21/2021,206,158,102,42,17,14,Greater Noida,"[28.557054,77.453663]"
11/22/2021,187,147,46,32,9,10,Greater Noida,"[28.557054,77.453663]"
11/23/2021,169,180,52,36,9,14,Greater Noida,"[28.557054,77.453663]"
11/24/2021,204,222,52,53,10,25,Greater Noida,"[28.557054,77.453663]"
11/25/2021,208,334,66,44,7,18,Greater Noida,"[28.557054,77.453663]"
11/26/2021,287,433,47,52,8,26,Greater Noida,"[28.557054,77.453663]"
11/27/2021,335,248,39,41,5,17,Greater Noida,"[28.557054,77.453663]"
11/28/2021,231,257,45,40,6,19,Greater Noida,"[28.557054,77.453663]"
11/29/2021,242,197,53,47,11,20,Greater Noida,"[28.557054,77.453663]"
11/30/2021,216,154,66,38,10,16,Greater Noida,"[28.557054,77.453663]"
12/1/2021,182,344,33,67,8,29,Greater Noida,"[28.557054,77.453663]"
12/2/2021,272,146,15,40,6,17,Greater Noida,"[28.557054,77.453663]"
12/3/2021,196,261,49,43,5,20,Greater Noida,"[28.557054,77.453663]"
12/4/2021,266,223,86,47,8,22,Greater Noida,"[28.557054,77.453663]"
12/5/2021,216,236,28,40,7,19,Greater Noida,"[28.557054,77.453663]"
12/6/2021,218,137,34,35,7,12,Greater Noida,"[28.557054,77.453663]"
12/7/2021,187,113,30,33,7,11,Greater Noida,"[28.557054,77.453663]"
12/8/2021,151,128,48,36,6,13,Greater Noida,"[28.557054,77.453663]"
12/9/2021,172,197,28,47,7,21,Greater Noida,"[28.557054,77.453663]"
12/10/2021,208,137,34,43,9,17,Greater Noida,"[28.557054,77.453663]"
12/11/2021,176,106,36,38,7,12,Greater Noida,"[28.557054,77.453663]"
12/12/2021,156,117,31,44,6,15,Greater Noida,"[28.557054,77.453663]"
12/13/2021,164,147,27,37,4,17,Greater Noida,"[28.557054,77.453663]"
12/14/2021,191,181,29,35,4,17,Greater Noida,"[28.557054,77.453663]"
12/15/2021,212,183,32,38,6,17,Greater Noida,"[28.557054,77.453663]"
12/16/2021,201,168,18,34,7,13,Greater Noida,"[28.557054,77.453663]"
12/17/2021,207,105,35,22,9,8,Greater Noida,"[28.557054,77.453663]"
12/18/2021,155,111,20,24,4,12,Greater Noida,"[28.557054,77.453663]"
12/19/2021,168,120,47,31,6,13,Greater Noida,"[28.557054,77.453663]"
12/20/2021,174,253,57,39,7,20,Greater Noida,"[28.557054,77.453663]"
12/21/2021,232,304,35,53,8,31,Greater Noida,"[28.557054,77.453663]"
12/22/2021,267,354,31,60,9,31,Greater Noida,"[28.557054,77.453663]"
12/23/2021,289,280,27,41,7,21,Greater Noida,"[28.557054,77.453663]"
12/24/2021,272,231,26,34,4,19,Greater Noida,"[28.557054,77.453663]"
12/25/2021,236,344,22,44,7,25,Greater Noida,"[28.557054,77.453663]"
12/26/2021,297,275,14,33,3,21,Greater Noida,"[28.557054,77.453663]"
12/27/2021,283,154,20,26,7,14,Greater Noida,"[28.557054,77.453663]"
12/28/2021,167,156,3,34,8,16,Greater Noida,"[28.557054,77.453663]"
12/29/2021,190,133,17,33,5,15,Greater Noida,"[28.557054,77.453663]"
12/30/2021,167,127,23,33,6,15,Greater Noida,"[28.557054,77.453663]"
12/31/2021,154,114,27,37,6,14,Greater Noida,"[28.557054,77.453663]"
1/1/2022,169,172, ,43,4,24,Greater Noida,"[28.557054,77.453663]"
1/2/2022,210,179, ,46,11,25,Greater Noida,"[28.557054,77.453663]"
1/3/2022,227,167,135,46,7,22,Greater Noida,"[28.557054,77.453663]"
7/2/2021,110,224,38,9,5,9,Greater Noida,"[28.557054,77.453663]"
7/3/2021,127,103,42,15,2,7,Greater Noida,"[28.557054,77.453663]"
7/4/2021,111,132,86,18,2,11,Greater Noida,"[28.557054,77.453663]"
7/5/2021,133,137,75,17,4,10,Greater Noida,"[28.557054,77.453663]"
7/6/2021,132,135,68,16,3,10,Greater Noida,"[28.557054,77.453663]"
7/7/2021,115,138,49,16,3,12,Greater Noida,"[28.557054,77.453663]"
7/8/2021,119,156,46,13,3,7,Greater Noida,"[28.557054,77.453663]"
7/9/2021,106,79,38,10,2,11,Greater Noida,"[28.557054,77.453663]"
7/10/2021,95,64,30,10,1,10,Greater Noida,"[28.557054,77.453663]"
7/11/2021,71,71,31,8,2,9,Greater Noida,"[28.557054,77.453663]"
7/12/2021,97,60,22,8,2,8,Greater Noida,"[28.557054,77.453663]"
7/13/2021,67,61,11,12,3,10,Greater Noida,"[28.557054,77.453663]"
7/14/2021,79,58,14,12,3,7,Greater Noida,"[28.557054,77.453663]"
7/15/2021,70,69,21,12,2,13,Greater Noida,"[28.557054,77.453663]"
7/16/2021,85,119,24,10,1,8,Greater Noida,"[28.557054,77.453663]"
7/17/2021,80,94,57,11,2,10,Greater Noida,"[28.557054,77.453663]"
7/18/2021,123,58,23,10,3,10,Greater Noida,"[28.557054,77.453663]"
7/19/2021,77,22,17,6,2,7,Greater Noida,"[28.557054,77.453663]"
7/20/2021,42,48,16,12, , ,Greater Noida,"[28.557054,77.453663]"
7/21/2021,72,68,49,14, , ,Greater Noida,"[28.557054,77.453663]"
7/22/2021,97,48,16,8, , ,Greater Noida,"[28.557054,77.453663]"
7/23/2021,60,60,23,10, , ,Greater Noida,"[28.557054,77.453663]"
7/24/2021,76,75,17,14, , ,Greater Noida,"[28.557054,77.453663]"
7/25/2021,97,77,18,11, , ,Greater Noida,"[28.557054,77.453663]"
7/26/2021,86,73,17,11,2,31,Greater Noida,"[28.557054,77.453663]"
7/27/2021,107,60,11,12,3,25,Greater Noida,"[28.557054,77.453663]"
7/28/2021,94,29,8,13,4,14,Greater Noida,"[28.557054,77.453663]"
7/29/2021,61,49,20,13,4,30,Greater Noida,"[28.557054,77.453663]"
7/30/2021,71,42,13,12,4,10,Greater Noida,"[28.557054,77.453663]"
7/31/2021,59,49,14,9,4,13,Greater Noida,"[28.557054,77.453663]"
8/1/2021,48,75,21,17,7,8,Greater Noida,"[28.557054,77.453663]"
8/2/2021,105,75,12,8,5, ,Greater Noida,"[28.557054,77.453663]"
8/3/2021,93,65,12,10,4, ,Greater Noida,"[28.557054,77.453663]"
8/4/2021,66,69,16,11,4, ,Greater Noida,"[28.557054,77.453663]"
8/5/2021,61,85,19,14,4, ,Greater Noida,"[28.557054,77.453663]"
8/6/2021,96,95,18,14,4, ,Greater Noida,"[28.557054,77.453663]"
8/7/2021,118,80,12,15,4, ,Greater Noida,"[28.557054,77.453663]"
8/8/2021,108,70,14,15,4, ,Greater Noida,"[28.557054,77.453663]"
8/9/2021,125,61,18,10,4, ,Greater Noida,"[28.557054,77.453663]"
8/10/2021,91,106,26,13,4, ,Greater Noida,"[28.557054,77.453663]"
8/11/2021,104,101,23,11,3, ,Greater Noida,"[28.557054,77.453663]"
8/12/2021,80,105,29,13,4, ,Greater Noida,"[28.557054,77.453663]"
8/13/2021,85,97,29,10,4, ,Greater Noida,"[28.557054,77.453663]"
8/14/2021,81,105,29,12,4, ,Greater Noida,"[28.557054,77.453663]"
8/15/2021,82,105,27,11,4, ,Greater Noida,"[28.557054,77.453663]"
8/16/2021,83,127,32,15,5, ,Greater Noida,"[28.557054,77.453663]"
8/17/2021,100,141,29,17,4, ,Greater Noida,"[28.557054,77.453663]"
8/18/2021,124,143,39,20,5, ,Greater Noida,"[28.557054,77.453663]"
8/19/2021,143,127,27,16,5, ,Greater Noida,"[28.557054,77.453663]"
8/20/2021,157,59,12,5,4, ,Greater Noida,"[28.557054,77.453663]"
8/21/2021,88,36,12,4,5, ,Greater Noida,"[28.557054,77.453663]"
8/22/2021,66,55,15,10,3, ,Greater Noida,"[28.557054,77.453663]"
8/23/2021,92,73,40,13,4, ,Greater Noida,"[28.557054,77.453663]"
8/24/2021,105,86,15,17,4, ,Greater Noida,"[28.557054,77.453663]"
8/25/2021,134,94,29,12,5,9,Greater Noida,"[28.557054,77.453663]"
8/26/2021,87,118,26,11,5,4,Greater Noida,"[28.557054,77.453663]"
8/27/2021,90,145,48,13,5,6,Greater Noida,"[28.557054,77.453663]"
8/28/2021,115,94,27,9,5,6,Greater Noida,"[28.557054,77.453663]"
8/29/2021,110,83,27,8,6,7,Greater Noida,"[28.557054,77.453663]"
8/30/2021,119,48,21,5,3,6,Greater Noida,"[28.557054,77.453663]"
8/31/2021,57,29,10,7,5,6,Greater Noida,"[28.557054,77.453663]"
9/1/2021,41,26,9,9,4,7,Greater Noida,"[28.557054,77.453663]"
9/2/2021,40,55,20,10,4,7,Greater Noida,"[28.557054,77.453663]"
9/3/2021,67,53,24,9,4,7,Greater Noida,"[28.557054,77.453663]"
9/4/2021,70,47,21,12,4,8,Greater Noida,"[28.557054,77.453663]"
9/5/2021,67,81,33,14,4,10,Greater Noida,"[28.557054,77.453663]"
9/6/2021,99,108,32,14,5,9,Greater Noida,"[28.557054,77.453663]"
9/7/2021,129,76,19,11,4,8,Greater Noida,"[28.557054,77.453663]"
9/8/2021,100,52,18,7,4,5,Greater Noida,"[28.557054,77.453663]"
9/9/2021,51,61,18,8,6,7,Greater Noida,"[28.557054,77.453663]"
9/10/2021,64,56,20,8,5,6,Greater Noida,"[28.557054,77.453663]"
9/11/2021,68,25,16,9,4,6,Greater Noida,"[28.557054,77.453663]"
9/12/2021,36,54,27,12,5,11,Greater Noida,"[28.557054,77.453663]"
9/13/2021,60,68,13,12,4,9,Greater Noida,"[28.557054,77.453663]"
9/14/2021,82,66,14,10,5,7,Greater Noida,"[28.557054,77.453663]"
9/15/2021,57,62,18,10,7,8,Greater Noida,"[28.557054,77.453663]"
9/16/2021,43,50,12,13,5,7,Greater Noida,"[28.557054,77.453663]"
9/17/2021,56,57,16,9,4,7,Greater Noida,"[28.557054,77.453663]"
9/18/2021,58,64,18,9,4,6,Greater Noida,"[28.557054,77.453663]"
9/19/2021,74,66,23,8,4,5,Greater Noida,"[28.557054,77.453663]"
9/20/2021,73,83,25,12,4,7,Greater Noida,"[28.557054,77.453663]"
9/21/2021,86,70,23,12,4,6,Greater Noida,"[28.557054,77.453663]"
9/22/2021,84,58,17,11,6,7,Greater Noida,"[28.557054,77.453663]"
9/23/2021,58,62,23,10,5,6,Greater Noida,"[28.557054,77.453663]"
9/24/2021,63,57,23,11,7,8,Greater Noida,"[28.557054,77.453663]"
9/25/2021,72,69,38,9,3,6,Greater Noida,"[28.557054,77.453663]"
9/26/2021,79,70,42,8,1,7,Greater Noida,"[28.557054,77.453663]"
9/27/2021,78,111,36,14,4,9,Greater Noida,"[28.557054,77.453663]"
9/28/2021,117,93,24,10,3,6,Greater Noida,"[28.557054,77.453663]"
9/29/2021,103,73,23,8,2,6,Greater Noida,"[28.557054,77.453663]"
9/30/2021,76,111,26,11,3,9,Greater Noida,"[28.557054,77.453663]"
10/1/2021,110,110,31,16,4,10,Greater Noida,"[28.557054,77.453663]"
4/2/2021,102,128,71,27,13,7,Greater Noida,"[28.557054,77.453663]"
4/3/2021,119,130,106,32,20,7,Greater Noida,"[28.557054,77.453663]"
4/4/2021,129,140,77,33,16,6,Greater Noida,"[28.557054,77.453663]"
4/5/2021,138,199,113,34,21, ,Greater Noida,"[28.557054,77.453663]"
4/6/2021,161,223,134,27,16,9,Greater Noida,"[28.557054,77.453663]"
4/7/2021,178,211,93,24,12,10,Greater Noida,"[28.557054,77.453663]"
4/8/2021,151,123,98,27,12,12,Greater Noida,"[28.557054,77.453663]"
4/9/2021,124,165,47,38,19,9,Greater Noida,"[28.557054,77.453663]"
4/10/2021,114,130,24,32,13,4,Greater Noida,"[28.557054,77.453663]"
4/11/2021,129,140,24,31,15,7,Greater Noida,"[28.557054,77.453663]"
4/12/2021,134,217,25,44,21,8,Greater Noida,"[28.557054,77.453663]"
4/13/2021,162,171,20,34,16,4,Greater Noida,"[28.557054,77.453663]"
4/14/2021,146,165,21,24,9,11,Greater Noida,"[28.557054,77.453663]"
4/15/2021,130,175,21,26,8,6,Greater Noida,"[28.557054,77.453663]"
4/16/2021,145,291,20,24,14,5,Greater Noida,"[28.557054,77.453663]"
4/17/2021,151,89,15,17,7,4,Greater Noida,"[28.557054,77.453663]"
4/18/2021,102,129,22,15,14,3,Greater Noida,"[28.557054,77.453663]"
4/19/2021,135,139,22,18,13,4,Greater Noida,"[28.557054,77.453663]"
4/20/2021,136,194,18,20,23,5,Greater Noida,"[28.557054,77.453663]"
4/21/2021,133,99,17,8,11,4,Greater Noida,"[28.557054,77.453663]"
4/22/2021,118,105,17,12,7,3,Greater Noida,"[28.557054,77.453663]"
4/23/2021,108,115,12,10,11,20,Greater Noida,"[28.557054,77.453663]"
4/24/2021,107,86,20,7,10,11,Greater Noida,"[28.557054,77.453663]"
4/25/2021,108,139,25, ,19,11,Greater Noida,"[28.557054,77.453663]"
4/26/2021,143,249,29, ,19,15,Greater Noida,"[28.557054,77.453663]"
4/27/2021,208,324,26,47,21,23,Greater Noida,"[28.557054,77.453663]"
4/28/2021,216,338,27,20,17,20,Greater Noida,"[28.557054,77.453663]"
4/29/2021,231,354,29,23,17,19,Greater Noida,"[28.557054,77.453663]"
4/30/2021,203,306,22, ,13,10,Greater Noida,"[28.557054,77.453663]"
5/1/2021,168,202,26,10,7,9,Greater Noida,"[28.557054,77.453663]"
5/2/2021,152,148,18,6,10,25,Greater Noida,"[28.557054,77.453663]"
5/3/2021,137,173,16,9,6,9,Greater Noida,"[28.557054,77.453663]"
5/4/2021,147,141,16, ,8,9,Greater Noida,"[28.557054,77.453663]"
5/5/2021,133,127,16, ,8,12,Greater Noida,"[28.557054,77.453663]"
5/6/2021,151,128,13,10,4,8,Greater Noida,"[28.557054,77.453663]"
5/7/2021,136,92,18,9,8,11,Greater Noida,"[28.557054,77.453663]"
5/8/2021,130,105,24, ,5,10,Greater Noida,"[28.557054,77.453663]"
5/9/2021,133,119,22, ,4,7,Greater Noida,"[28.557054,77.453663]"
5/10/2021,138,119,15, ,13,12,Greater Noida,"[28.557054,77.453663]"
5/11/2021,144,121,24,6,7,9,Greater Noida,"[28.557054,77.453663]"
5/12/2021,138,112,19,12,4,11,Greater Noida,"[28.557054,77.453663]"
5/13/2021,101,77,17,11,4,10,Greater Noida,"[28.557054,77.453663]"
5/14/2021,103,96,21,13,4,13,Greater Noida,"[28.557054,77.453663]"
5/15/2021,119,198,20,9,6,23,Greater Noida,"[28.557054,77.453663]"
5/16/2021,121,126,18,14,9,15,Greater Noida,"[28.557054,77.453663]"
5/17/2021,143,141,1, ,10,16,Greater Noida,"[28.557054,77.453663]"
5/18/2021,153,55,1,13,2,12,Greater Noida,"[28.557054,77.453663]"
5/19/2021,70,49,1,9,1,15,Greater Noida,"[28.557054,77.453663]"
5/20/2021,100,43,1,8,1,12,Greater Noida,"[28.557054,77.453663]"
5/21/2021,87,47,1,12,3,9,Greater Noida,"[28.557054,77.453663]"
5/22/2021,69,61,1, ,4,11,Greater Noida,"[28.557054,77.453663]"
5/23/2021,82,527,1,14,3,12,Greater Noida,"[28.557054,77.453663]"
5/24/2021,190,99,32,24,6,10,Greater Noida,"[28.557054,77.453663]"
5/25/2021,118,96,49,27,7,12,Greater Noida,"[28.557054,77.453663]"
5/26/2021,86,116,59,35,11,19,Greater Noida,"[28.557054,77.453663]"
5/27/2021,119,140,59,20,9,24,Greater Noida,"[28.557054,77.453663]"
5/28/2021,136,75,32,4,2,13,Greater Noida,"[28.557054,77.453663]"
5/29/2021,78,69,27,7,4,8,Greater Noida,"[28.557054,77.453663]"
5/30/2021,47,102,28,9,4,23,Greater Noida,"[28.557054,77.453663]"
5/31/2021,72,168,37,16,6,31,Greater Noida,"[28.557054,77.453663]"
6/1/2021,134,126,36,17,4,15,Greater Noida,"[28.557054,77.453663]"
6/2/2021,95,107,44,16,4,13,Greater Noida,"[28.557054,77.453663]"
6/3/2021,127,123,50,17,5,10,Greater Noida,"[28.557054,77.453663]"
6/4/2021,137,132,43,14,3,11,Greater Noida,"[28.557054,77.453663]"
6/5/2021,127,106,40,14,4,8,Greater Noida,"[28.557054,77.453663]"
6/6/2021,115,139,45,17,6,14,Greater Noida,"[28.557054,77.453663]"
6/7/2021,122,152,58,20,6,13,Greater Noida,"[28.557054,77.453663]"
6/8/2021,135,336,24,16,4,10,Greater Noida,"[28.557054,77.453663]"
6/9/2021,141,286,30,11,3,10,Greater Noida,"[28.557054,77.453663]"
6/10/2021,125,128,25,3,1,8,Greater Noida,"[28.557054,77.453663]"
6/11/2021,126,146,29,13,1,12,Greater Noida,"[28.557054,77.453663]"
6/12/2021,102,74,22,9,2,13,Greater Noida,"[28.557054,77.453663]"
6/13/2021,88,84,31,13,2,10,Greater Noida,"[28.557054,77.453663]"
6/14/2021,99,78,41,10,2,8,Greater Noida,"[28.557054,77.453663]"
6/15/2021,88,77,44,9,2,7,Greater Noida,"[28.557054,77.453663]"
6/16/2021,75,70,22,13,1,12,Greater Noida,"[28.557054,77.453663]"
6/17/2021,92,71,22,12,1,10,Greater Noida,"[28.557054,77.453663]"
6/18/2021,99,61,17,10,1,9,Greater Noida,"[28.557054,77.453663]"
6/19/2021,77,59,15,9,2,8,Greater Noida,"[28.557054,77.453663]"
6/20/2021,72,45,15,8, ,8,Greater Noida,"[28.557054,77.453663]"
6/21/2021,59,78,21,13,1,10,Greater Noida,"[28.557054,77.453663]"
6/22/2021,97,153,42,18,3,10,Greater Noida,"[28.557054,77.453663]"
6/23/2021,143,179,53,19,5,12,Greater Noida,"[28.557054,77.453663]"
6/24/2021,164,116,36,11,1,9,Greater Noida,"[28.557054,77.453663]"
6/25/2021,121,131,65,14,4,10,Greater Noida,"[28.557054,77.453663]"
6/26/2021,135,120,60,11,5,10,Greater Noida,"[28.557054,77.453663]"
6/27/2021,117,124,59,13,2,11,Greater Noida,"[28.557054,77.453663]"
6/28/2021,154,147,77,18,2,14,Greater Noida,"[28.557054,77.453663]"
6/29/2021,158,156,77,10,5,11,Greater Noida,"[28.557054,77.453663]"
6/30/2021,151,331,33,16,4,8,Greater Noida,"[28.557054,77.453663]"
7/1/2021,135,201,42,10,4,9,Greater Noida,"[28.557054,77.453663]"
1/5/2021,157,106,1,32,9, ,Greater Noida,"[28.557054,77.453663]"
1/6/2021,164,121, ,47,1, ,Greater Noida,"[28.557054,77.453663]"
1/7/2021,186,146, ,44, , ,Greater Noida,"[28.557054,77.453663]"
1/8/2021,190,232,2,67,1, ,Greater Noida,"[28.557054,77.453663]"
1/9/2021,245,188, ,76,1, ,Greater Noida,"[28.557054,77.453663]"
1/10/2021,226,137, ,54,1, ,Greater Noida,"[28.557054,77.453663]"
1/11/2021,191,131, ,51, , ,Greater Noida,"[28.557054,77.453663]"
1/12/2021,188,225, ,55,2,2,Greater Noida,"[28.557054,77.453663]"
1/13/2021,238,434, ,62, , ,Greater Noida,"[28.557054,77.453663]"
1/14/2021,325,452, ,68,1, ,Greater Noida,"[28.557054,77.453663]"
1/15/2021,359,641, ,78,3, ,Greater Noida,"[28.557054,77.453663]"
1/16/2021,438,482, ,62, , ,Greater Noida,"[28.557054,77.453663]"
1/17/2021,385,179, ,64,2, ,Greater Noida,"[28.557054,77.453663]"
1/18/2021,256,255, ,51,1, ,Greater Noida,"[28.557054,77.453663]"
1/19/2021,248,326, ,69,2, ,Greater Noida,"[28.557054,77.453663]"
1/20/2021,326,145, ,52, , ,Greater Noida,"[28.557054,77.453663]"
1/21/2021,201,180, ,53, , ,Greater Noida,"[28.557054,77.453663]"
1/22/2021,217,219, ,64,2, ,Greater Noida,"[28.557054,77.453663]"
1/23/2021,232,209, ,34,2, ,Greater Noida,"[28.557054,77.453663]"
1/24/2021,234,330, ,56,2, ,Greater Noida,"[28.557054,77.453663]"
1/25/2021,321,233, ,51, , ,Greater Noida,"[28.557054,77.453663]"
1/26/2021,251,254, ,49,1, ,Greater Noida,"[28.557054,77.453663]"
1/27/2021,276,268, ,57,1, ,Greater Noida,"[28.557054,77.453663]"
1/28/2021,250,262, ,55,1, ,Greater Noida,"[28.557054,77.453663]"
1/29/2021,275,284, ,63,1, ,Greater Noida,"[28.557054,77.453663]"
1/30/2021,289,197, ,54,2, ,Greater Noida,"[28.557054,77.453663]"
1/31/2021,215,283, ,68,2, ,Greater Noida,"[28.557054,77.453663]"
2/1/2021,253,372, ,72,4, ,Greater Noida,"[28.557054,77.453663]"
2/2/2021,303,311, ,69,2, ,Greater Noida,"[28.557054,77.453663]"
2/3/2021,281,201, ,58,1, ,Greater Noida,"[28.557054,77.453663]"
2/4/2021,233,166, ,58,1, ,Greater Noida,"[28.557054,77.453663]"
2/5/2021,185,107,1,56,2, ,Greater Noida,"[28.557054,77.453663]"
2/6/2021,138,111, ,52,2, ,Greater Noida,"[28.557054,77.453663]"
2/7/2021,158,148, ,53,1, ,Greater Noida,"[28.557054,77.453663]"
2/8/2021,187,227, ,62,1, ,Greater Noida,"[28.557054,77.453663]"
2/9/2021,240,301, ,64,1, ,Greater Noida,"[28.557054,77.453663]"
2/10/2021,266,298, ,62,1, ,Greater Noida,"[28.557054,77.453663]"
2/11/2021,256,284, ,68,1, ,Greater Noida,"[28.557054,77.453663]"
2/12/2021,242,323, ,68,1, ,Greater Noida,"[28.557054,77.453663]"
2/13/2021,283,296, ,65,1, ,Greater Noida,"[28.557054,77.453663]"
2/14/2021,275,316, ,68,1, ,Greater Noida,"[28.557054,77.453663]"
2/15/2021,271,318, ,59,1, ,Greater Noida,"[28.557054,77.453663]"
2/16/2021,248,353, ,68,1, ,Greater Noida,"[28.557054,77.453663]"
2/17/2021,262,315, ,75,2, ,Greater Noida,"[28.557054,77.453663]"
2/18/2021,226,259, ,70,1,2,Greater Noida,"[28.557054,77.453663]"
2/19/2021,215,207,2,39,2, ,Greater Noida,"[28.557054,77.453663]"
2/20/2021,212,179, ,52,2, ,Greater Noida,"[28.557054,77.453663]"
2/21/2021,206,198, ,59,1, ,Greater Noida,"[28.557054,77.453663]"
2/22/2021,220,177, ,58,1, ,Greater Noida,"[28.557054,77.453663]"
2/23/2021,192,225, ,64,2, ,Greater Noida,"[28.557054,77.453663]"
2/24/2021,174,369, ,82,2, ,Greater Noida,"[28.557054,77.453663]"
2/25/2021,226,242,2,66,2, ,Greater Noida,"[28.557054,77.453663]"
2/26/2021,193,201, ,56,1, ,Greater Noida,"[28.557054,77.453663]"
2/27/2021,163,263,1,51,1, ,Greater Noida,"[28.557054,77.453663]"
2/28/2021,166,195, ,59,3, ,Greater Noida,"[28.557054,77.453663]"
3/1/2021,159,184, ,54,1, ,Greater Noida,"[28.557054,77.453663]"
3/2/2021,142,236,1,48,1, ,Greater Noida,"[28.557054,77.453663]"
3/3/2021,143,206, ,53,2, ,Greater Noida,"[28.557054,77.453663]"
3/4/2021,163,323, ,67,2, ,Greater Noida,"[28.557054,77.453663]"
3/5/2021,217,223, ,58,2, ,Greater Noida,"[28.557054,77.453663]"
3/6/2021,167,200, ,53,1, ,Greater Noida,"[28.557054,77.453663]"
3/7/2021,176,211, ,60,2, ,Greater Noida,"[28.557054,77.453663]"
3/8/2021,203,221,27,58,4,16,Greater Noida,"[28.557054,77.453663]"
3/9/2021,188,274,61,29,7,9,Greater Noida,"[28.557054,77.453663]"
3/10/2021,214,166,81,29,11,9,Greater Noida,"[28.557054,77.453663]"
3/11/2021,149,245,67,33,13,12,Greater Noida,"[28.557054,77.453663]"
3/12/2021,201,132,32,28,8,5,Greater Noida,"[28.557054,77.453663]"
3/13/2021,138,146,84,34,12,9,Greater Noida,"[28.557054,77.453663]"
3/14/2021,164,134,74,31,13,12,Greater Noida,"[28.557054,77.453663]"
3/15/2021,148,187,58,28,13,6,Greater Noida,"[28.557054,77.453663]"
3/16/2021,165,285,46,27,12,7,Greater Noida,"[28.557054,77.453663]"
3/17/2021,162,285,61,32,14,9,Greater Noida,"[28.557054,77.453663]"
3/18/2021,175,367,97,40,14,9,Greater Noida,"[28.557054,77.453663]"
3/19/2021,183,229,93,31,17,7,Greater Noida,"[28.557054,77.453663]"
3/20/2021,167,203,85,37,13,9,Greater Noida,"[28.557054,77.453663]"
3/21/2021,170,231,106,43,17,8,Greater Noida,"[28.557054,77.453663]"
3/22/2021,178,258,34,39,9,5,Greater Noida,"[28.557054,77.453663]"
3/23/2021,153,273,28,28,9,4,Greater Noida,"[28.557054,77.453663]"
3/24/2021,148,145,77,26,12,5,Greater Noida,"[28.557054,77.453663]"
3/25/2021,124,106,49,21,8,5,Greater Noida,"[28.557054,77.453663]"
3/26/2021,101,120,73,27,10,7,Greater Noida,"[28.557054,77.453663]"
3/27/2021,131,204,109,42,14,10,Greater Noida,"[28.557054,77.453663]"
3/28/2021,166,217,111,34,17,12,Greater Noida,"[28.557054,77.453663]"
3/29/2021,187,144,81,21,12,7,Greater Noida,"[28.557054,77.453663]"
3/30/2021,166,451,60,17,11,7,Greater Noida,"[28.557054,77.453663]"
3/31/2021,180,174,62,19,6,3,Greater Noida,"[28.557054,77.453663]"
4/1/2021,109,249,50,18,9,2,Greater Noida,"[28.557054,77.453663]"
10/2/2020,142,137,36,33,4,18,Greater Noida,"[28.557054,77.453663]"
10/3/2020,150,145,32,35,5,14,Greater Noida,"[28.557054,77.453663]"
10/4/2020,154,151,38,31,4,11,Greater Noida,"[28.557054,77.453663]"
10/5/2020,155,142,35,31,3,9,Greater Noida,"[28.557054,77.453663]"
10/6/2020,141,170,36,40,4,11,Greater Noida,"[28.557054,77.453663]"
10/7/2020,150,194,47,40,4,10,Greater Noida,"[28.557054,77.453663]"
10/8/2020,172,149,56,31,4,11,Greater Noida,"[28.557054,77.453663]"
10/9/2020,164,205,45,39,5,12,Greater Noida,"[28.557054,77.453663]"
10/10/2020,181,196,52,35,7,11,Greater Noida,"[28.557054,77.453663]"
10/11/2020,189,159,46,31,5,11,Greater Noida,"[28.557054,77.453663]"
10/12/2020,169,353,40,49,6,13,Greater Noida,"[28.557054,77.453663]"
10/13/2020,228,267,28,37,3,13,Greater Noida,"[28.557054,77.453663]"
10/14/2020,193,283,32,43,4,13,Greater Noida,"[28.557054,77.453663]"
10/15/2020,194,352,27,46,5,13,Greater Noida,"[28.557054,77.453663]"
10/16/2020,213,278,45,55,8,12,Greater Noida,"[28.557054,77.453663]"
10/17/2020,187,331,44,60,6,14,Greater Noida,"[28.557054,77.453663]"
10/18/2020,207,178,35,42,6,12,Greater Noida,"[28.557054,77.453663]"
10/19/2020,169,194,42,39,8,13,Greater Noida,"[28.557054,77.453663]"
10/20/2020,177,195,36,51,7,13,Greater Noida,"[28.557054,77.453663]"
10/21/2020,166,331,27,69,8,14,Greater Noida,"[28.557054,77.453663]"
10/22/2020,190,303,49,57,7,14,Greater Noida,"[28.557054,77.453663]"
10/23/2020,213,453,37,62,13,14,Greater Noida,"[28.557054,77.453663]"
10/24/2020,311,385,44,68,9,18,Greater Noida,"[28.557054,77.453663]"
10/25/2020,245,480,39,69,8,18,Greater Noida,"[28.557054,77.453663]"
10/26/2020,290,404,31,61,9,15,Greater Noida,"[28.557054,77.453663]"
10/27/2020,263,223,29,46,9,14,Greater Noida,"[28.557054,77.453663]"
10/28/2020,224,386,43,69,9,27,Greater Noida,"[28.557054,77.453663]"
10/29/2020,263,504,34,69,8,11,Greater Noida,"[28.557054,77.453663]"
10/30/2020,284,367,41,66,9,17,Greater Noida,"[28.557054,77.453663]"
10/31/2020,279,439,44,48,10, ,Greater Noida,"[28.557054,77.453663]"
11/1/2020,339,372,41,47,9, ,Greater Noida,"[28.557054,77.453663]"
11/2/2020,322,319,54,59,8,2,Greater Noida,"[28.557054,77.453663]"
11/3/2020,255,368,63,65,7,2,Greater Noida,"[28.557054,77.453663]"
11/4/2020,238,503,47,68,12, ,Greater Noida,"[28.557054,77.453663]"
11/5/2020,371,434,82,64,13, ,Greater Noida,"[28.557054,77.453663]"
11/6/2020,341,435,61,71,13, ,Greater Noida,"[28.557054,77.453663]"
11/7/2020,316,482,85,63,13, ,Greater Noida,"[28.557054,77.453663]"
11/8/2020,366,751,71,89,15, ,Greater Noida,"[28.557054,77.453663]"
11/9/2020,465,726,76,84,14, ,Greater Noida,"[28.557054,77.453663]"
11/10/2020,471,812,51,71,8, ,Greater Noida,"[28.557054,77.453663]"
11/11/2020,399,365,37,56,7, ,Greater Noida,"[28.557054,77.453663]"
11/12/2020,238,314,40,64,12, ,Greater Noida,"[28.557054,77.453663]"
11/13/2020,237,453,76,77,15, ,Greater Noida,"[28.557054,77.453663]"
11/14/2020,277,384,70,50,15, ,Greater Noida,"[28.557054,77.453663]"
11/15/2020,361,249,65,27,4, ,Greater Noida,"[28.557054,77.453663]"
11/16/2020,291,87,32,25,2, ,Greater Noida,"[28.557054,77.453663]"
11/17/2020,157,114,32,38,6, ,Greater Noida,"[28.557054,77.453663]"
11/18/2020,160,153,64,40,9, ,Greater Noida,"[28.557054,77.453663]"
11/19/2020,183,286,62,59,12, ,Greater Noida,"[28.557054,77.453663]"
11/20/2020,215,182,62,44,7, ,Greater Noida,"[28.557054,77.453663]"
11/21/2020,211,145,48,39,5, ,Greater Noida,"[28.557054,77.453663]"
11/22/2020,167,150,53,47,10, ,Greater Noida,"[28.557054,77.453663]"
11/23/2020,190,294,66,62,14, ,Greater Noida,"[28.557054,77.453663]"
11/24/2020,238,448,12,79,15,2,Greater Noida,"[28.557054,77.453663]"
11/25/2020,335,323, ,48,6,2,Greater Noida,"[28.557054,77.453663]"
11/26/2020,290,135,21,32,6,2,Greater Noida,"[28.557054,77.453663]"
11/27/2020,162,112,36,39,9,2,Greater Noida,"[28.557054,77.453663]"
11/28/2020,152,136,47,45,5,2,Greater Noida,"[28.557054,77.453663]"
11/29/2020,178,214,73,57,8,2,Greater Noida,"[28.557054,77.453663]"
11/30/2020,205,348,67,77,8,2,Greater Noida,"[28.557054,77.453663]"
12/1/2020,271,397,9,79,11,2,Greater Noida,"[28.557054,77.453663]"
12/2/2020,327,312,46,74,13,2,Greater Noida,"[28.557054,77.453663]"
12/3/2020,294,273,55,66,10,2,Greater Noida,"[28.557054,77.453663]"
12/4/2020,264,471,58,62,9,2,Greater Noida,"[28.557054,77.453663]"
12/5/2020,366,342,44,44,3,2,Greater Noida,"[28.557054,77.453663]"
12/6/2020,326,294,46,48,5,2,Greater Noida,"[28.557054,77.453663]"
12/7/2020,310,380,48,54,6,2,Greater Noida,"[28.557054,77.453663]"
12/8/2020,362,362,59,68,9,2,Greater Noida,"[28.557054,77.453663]"
12/9/2020,314,416,50,80,9,2,Greater Noida,"[28.557054,77.453663]"
12/10/2020,311,211,34,57,8,2,Greater Noida,"[28.557054,77.453663]"
12/11/2020,203,235,25,55,6, ,Greater Noida,"[28.557054,77.453663]"
12/12/2020,232,272,4,41,2,2,Greater Noida,"[28.557054,77.453663]"
12/13/2020,330,139,21,33,4,2,Greater Noida,"[28.557054,77.453663]"
12/14/2020,195,132,27,33,5,2,Greater Noida,"[28.557054,77.453663]"
12/15/2020,189,163,26,38,11,2,Greater Noida,"[28.557054,77.453663]"
12/16/2020,211,144,25,34,6,2,Greater Noida,"[28.557054,77.453663]"
12/17/2020,198,145,7,40,1,2,Greater Noida,"[28.557054,77.453663]"
12/18/2020,206,155, ,49,1,2,Greater Noida,"[28.557054,77.453663]"
12/19/2020,200,189, ,53,1,2,Greater Noida,"[28.557054,77.453663]"
12/20/2020,221,216, ,63, ,2,Greater Noida,"[28.557054,77.453663]"
12/21/2020,254,293, ,62,1,2,Greater Noida,"[28.557054,77.453663]"
12/22/2020,283,629,1,72,2,2,Greater Noida,"[28.557054,77.453663]"
12/23/2020,456,542,1,73,1, ,Greater Noida,"[28.557054,77.453663]"
12/24/2020,419,389, ,74,1, ,Greater Noida,"[28.557054,77.453663]"
12/25/2020,341,236, ,66,2, ,Greater Noida,"[28.557054,77.453663]"
12/26/2020,271,329, ,59,1, ,Greater Noida,"[28.557054,77.453663]"
12/27/2020,299,331, ,63,1, ,Greater Noida,"[28.557054,77.453663]"
12/28/2020,306,151, ,48, , ,Greater Noida,"[28.557054,77.453663]"
12/29/2020,144,181, ,53,1, ,Greater Noida,"[28.557054,77.453663]"
12/30/2020,186,188, ,48,1, ,Greater Noida,"[28.557054,77.453663]"
12/31/2020,239,298, ,59, , ,Greater Noida,"[28.557054,77.453663]"
1/1/2021,328,400, ,66,1, ,Greater Noida,"[28.557054,77.453663]"
1/2/2021,373,304, ,58, , ,Greater Noida,"[28.557054,77.453663]"
1/3/2021,342,133, ,54,1, ,Greater Noida,"[28.557054,77.453663]"
1/4/2021,191,86, ,50,1, ,Greater Noida,"[28.557054,77.453663]"
7/2/2020,106,111,36,14,6,10,Greater Noida,"[28.557054,77.453663]"
7/3/2020,146,104,26,12,6,10,Greater Noida,"[28.557054,77.453663]"
7/4/2020,135,69,26,8,6,8,Greater Noida,"[28.557054,77.453663]"
7/5/2020,96,60,23,11,6,12,Greater Noida,"[28.557054,77.453663]"
7/6/2020,66,107,19,12,6,8,Greater Noida,"[28.557054,77.453663]"
7/7/2020,108,45,9,7,5,7,Greater Noida,"[28.557054,77.453663]"
7/8/2020,43,45,13,8,5,11,Greater Noida,"[28.557054,77.453663]"
7/9/2020,56,78,46,12,4,9,Greater Noida,"[28.557054,77.453663]"
7/10/2020,97,76,26,11,5,11,Greater Noida,"[28.557054,77.453663]"
7/11/2020,70,43,29,8,4,8,Greater Noida,"[28.557054,77.453663]"
7/12/2020,44,49,32,8,5,8,Greater Noida,"[28.557054,77.453663]"
7/13/2020,54,95,43,14,6,12,Greater Noida,"[28.557054,77.453663]"
7/14/2020,89,125,39,14,5,10,Greater Noida,"[28.557054,77.453663]"
7/15/2020,109,67,18,9,5,12,Greater Noida,"[28.557054,77.453663]"
7/16/2020,78,60,13,11,5,9,Greater Noida,"[28.557054,77.453663]"
7/17/2020,76,66,13,11,5,10,Greater Noida,"[28.557054,77.453663]"
7/18/2020,105,59,12,10,5,9,Greater Noida,"[28.557054,77.453663]"
7/19/2020,76,51,24,12,4,13,Greater Noida,"[28.557054,77.453663]"
7/20/2020,74,42,33,11,5,10,Greater Noida,"[28.557054,77.453663]"
7/21/2020,53,32,20,11,5,6,Greater Noida,"[28.557054,77.453663]"
7/22/2020,50,31,15,12,5,11,Greater Noida,"[28.557054,77.453663]"
7/23/2020,48,76,40,17,6,15,Greater Noida,"[28.557054,77.453663]"
7/24/2020,100,70,17,13,6,8,Greater Noida,"[28.557054,77.453663]"
7/25/2020,85,48,10,9,5,8,Greater Noida,"[28.557054,77.453663]"
7/26/2020,59,95,20,13,6,9,Greater Noida,"[28.557054,77.453663]"
7/27/2020,98,95,19,14,5,9,Greater Noida,"[28.557054,77.453663]"
7/28/2020,94,76,18,12,5,12,Greater Noida,"[28.557054,77.453663]"
7/29/2020,66,54,13,13,5,12,Greater Noida,"[28.557054,77.453663]"
7/30/2020,60,42,14,11,2,12,Greater Noida,"[28.557054,77.453663]"
7/31/2020,48,59,15,9,3,11,Greater Noida,"[28.557054,77.453663]"
8/1/2020,75,43,18,11,5, ,Greater Noida,"[28.557054,77.453663]"
8/2/2020,72,56,18,10,5, ,Greater Noida,"[28.557054,77.453663]"
8/3/2020,63,68,15,12,5, ,Greater Noida,"[28.557054,77.453663]"
8/4/2020,65,59,12,16,4, ,Greater Noida,"[28.557054,77.453663]"
8/5/2020,58,85,8,17,6, ,Greater Noida,"[28.557054,77.453663]"
8/6/2020,98,73,8,10,4, ,Greater Noida,"[28.557054,77.453663]"
8/7/2020,43,59,12,12,7, ,Greater Noida,"[28.557054,77.453663]"
8/8/2020,57,89,14,14,7, ,Greater Noida,"[28.557054,77.453663]"
8/9/2020,101,82,17,11,7, ,Greater Noida,"[28.557054,77.453663]"
8/10/2020,88,63,9,9,8,10,Greater Noida,"[28.557054,77.453663]"
8/11/2020,79,69,19,12,9,8,Greater Noida,"[28.557054,77.453663]"
8/12/2020,110,57,17,10,6,9,Greater Noida,"[28.557054,77.453663]"
8/13/2020,65,30,9,11,5,8,Greater Noida,"[28.557054,77.453663]"
8/14/2020,41,57,12,10,8,12,Greater Noida,"[28.557054,77.453663]"
8/15/2020,50,52,14,8,7,11,Greater Noida,"[28.557054,77.453663]"
8/16/2020,76,47,15,9,7,32,Greater Noida,"[28.557054,77.453663]"
8/17/2020,53,47,11,11,6,28,Greater Noida,"[28.557054,77.453663]"
8/18/2020,67,52,10,12,6,15,Greater Noida,"[28.557054,77.453663]"
8/19/2020,58,33,8,20,1,24,Greater Noida,"[28.557054,77.453663]"
8/20/2020,44,24,14,19,1,59,Greater Noida,"[28.557054,77.453663]"
8/21/2020,33,45,8,20,3,60,Greater Noida,"[28.557054,77.453663]"
8/22/2020,38,41,7,15,2,60,Greater Noida,"[28.557054,77.453663]"
8/23/2020,16,44,10,13,3,38,Greater Noida,"[28.557054,77.453663]"
8/24/2020,35,40,9,16,4,9,Greater Noida,"[28.557054,77.453663]"
8/25/2020,31,38,10,14,3,9,Greater Noida,"[28.557054,77.453663]"
8/26/2020,39,46,17,18,3,9,Greater Noida,"[28.557054,77.453663]"
8/27/2020,37,74,5,20,2,9,Greater Noida,"[28.557054,77.453663]"
8/28/2020,59,71,7,26,3,9,Greater Noida,"[28.557054,77.453663]"
8/29/2020,96,89,12,22,3,9,Greater Noida,"[28.557054,77.453663]"
8/30/2020,80,53,10,15,3,9,Greater Noida,"[28.557054,77.453663]"
8/31/2020,30,25,12,16,3,9,Greater Noida,"[28.557054,77.453663]"
9/1/2020,13,30,19,15,3,9,Greater Noida,"[28.557054,77.453663]"
9/2/2020,21,67,30,24,3,9,Greater Noida,"[28.557054,77.453663]"
9/3/2020,65,95,16,22,2,9,Greater Noida,"[28.557054,77.453663]"
9/4/2020,117,79,18,19,4, ,Greater Noida,"[28.557054,77.453663]"
9/5/2020,101,72,21,20,3, ,Greater Noida,"[28.557054,77.453663]"
9/6/2020,89,110,44,20,3, ,Greater Noida,"[28.557054,77.453663]"
9/7/2020,110,184,20,27,3, ,Greater Noida,"[28.557054,77.453663]"
9/8/2020,131,78,30,22,2, ,Greater Noida,"[28.557054,77.453663]"
9/9/2020,82,94,32,22,2, ,Greater Noida,"[28.557054,77.453663]"
9/10/2020,126,96,33,22,4, ,Greater Noida,"[28.557054,77.453663]"
9/11/2020,113,134,40,34,2,16,Greater Noida,"[28.557054,77.453663]"
9/12/2020,138,193,29,36,3, ,Greater Noida,"[28.557054,77.453663]"
9/13/2020,150,173,31,28,3, ,Greater Noida,"[28.557054,77.453663]"
9/14/2020,160,138,21,31,2, ,Greater Noida,"[28.557054,77.453663]"
9/15/2020,161,126,44,33,2, ,Greater Noida,"[28.557054,77.453663]"
9/16/2020,155,128,32,28,3,12,Greater Noida,"[28.557054,77.453663]"
9/17/2020,147,93,27,13,6,11,Greater Noida,"[28.557054,77.453663]"
9/18/2020,108,89,26,17,6,12,Greater Noida,"[28.557054,77.453663]"
9/19/2020,95,137,37,24,6,11,Greater Noida,"[28.557054,77.453663]"
9/20/2020,145,145,36,19,6,17,Greater Noida,"[28.557054,77.453663]"
9/21/2020,161,120,36,21,6,15,Greater Noida,"[28.557054,77.453663]"
9/22/2020,135,79,16,15,5,13,Greater Noida,"[28.557054,77.453663]"
9/23/2020,69,67,13,15,6,15,Greater Noida,"[28.557054,77.453663]"
9/24/2020,58,72,33,13,6,12,Greater Noida,"[28.557054,77.453663]"
9/25/2020,72,141,40,21,7,15,Greater Noida,"[28.557054,77.453663]"
9/26/2020,109,160,20,28,6,15,Greater Noida,"[28.557054,77.453663]"
9/27/2020,138,122,33,22,6,13,Greater Noida,"[28.557054,77.453663]"
9/28/2020,100,140,24,24,3,14,Greater Noida,"[28.557054,77.453663]"
9/29/2020,137,137,28,17,7,12,Greater Noida,"[28.557054,77.453663]"
9/30/2020,137,127,30,18,2,15,Greater Noida,"[28.557054,77.453663]"
10/1/2020,132,168,33,26,4,12,Greater Noida,"[28.557054,77.453663]"
4/2/2020,79,53,26,4,6,5,Greater Noida,"[28.557054,77.453663]"
4/3/2020,60,53,36,6,7,8,Greater Noida,"[28.557054,77.453663]"
4/4/2020,66,59,57,6,8,5,Greater Noida,"[28.557054,77.453663]"
4/5/2020,79,77,37,7,9,5,Greater Noida,"[28.557054,77.453663]"
4/6/2020,121,84,38,7,7,3,Greater Noida,"[28.557054,77.453663]"
4/7/2020,120,85,30,5,9,5,Greater Noida,"[28.557054,77.453663]"
4/8/2020,70,71,33,6,7,5,Greater Noida,"[28.557054,77.453663]"
4/9/2020,71,68,37,6,7,7,Greater Noida,"[28.557054,77.453663]"
4/10/2020,92,86,43,9,7,8,Greater Noida,"[28.557054,77.453663]"
4/11/2020,121,95,39,8,8,6,Greater Noida,"[28.557054,77.453663]"
4/12/2020,126,73,35,6,8,6,Greater Noida,"[28.557054,77.453663]"
4/13/2020,82,90,36,9,9,8,Greater Noida,"[28.557054,77.453663]"
4/14/2020,115,115,33,9,8,12,Greater Noida,"[28.557054,77.453663]"
4/15/2020,128,154,33,10,7,14,Greater Noida,"[28.557054,77.453663]"
4/16/2020,150,177,39,10,9,8,Greater Noida,"[28.557054,77.453663]"
4/17/2020,148,82,31,5,7, ,Greater Noida,"[28.557054,77.453663]"
4/18/2020,72,99,30,6,7, ,Greater Noida,"[28.557054,77.453663]"
4/19/2020,70,58,36,8,7, ,Greater Noida,"[28.557054,77.453663]"
4/20/2020,90,91,26,10,7, ,Greater Noida,"[28.557054,77.453663]"
4/23/2020,137,101,33,9,8, ,Greater Noida,"[28.557054,77.453663]"
4/24/2020,145,82,42,9,8, ,Greater Noida,"[28.557054,77.453663]"
4/25/2020,141,96,37,7,7,10,Greater Noida,"[28.557054,77.453663]"
4/26/2020,133,107,28,6,7,9,Greater Noida,"[28.557054,77.453663]"
4/27/2020,110,52,38,5,5,6,Greater Noida,"[28.557054,77.453663]"
4/28/2020,80,70,39,7,7,8,Greater Noida,"[28.557054,77.453663]"
4/29/2020,106,84,44,6,7,8,Greater Noida,"[28.557054,77.453663]"
4/30/2020,128,105,42,6,7,8,Greater Noida,"[28.557054,77.453663]"
5/1/2020,128,84,42,7,7,8,Greater Noida,"[28.557054,77.453663]"
5/2/2020,129,75,37,5,6,7,Greater Noida,"[28.557054,77.453663]"
5/3/2020,81,66,33,6,8,7,Greater Noida,"[28.557054,77.453663]"
5/4/2020,96,77,26,11,4,9,Greater Noida,"[28.557054,77.453663]"
5/5/2020,98,87,41,10,8,8,Greater Noida,"[28.557054,77.453663]"
5/6/2020,123,101,42,8,7,8,Greater Noida,"[28.557054,77.453663]"
5/7/2020,119,67,44,7,7,10,Greater Noida,"[28.557054,77.453663]"
5/8/2020,83,80,50,7,8,7,Greater Noida,"[28.557054,77.453663]"
5/9/2020,119,88,48,7,6,8,Greater Noida,"[28.557054,77.453663]"
5/10/2020,135,90,31,7,6,7,Greater Noida,"[28.557054,77.453663]"
5/11/2020,107,67,48,8,5,11,Greater Noida,"[28.557054,77.453663]"
5/12/2020,108,64,43,7,5,8,Greater Noida,"[28.557054,77.453663]"
5/13/2020,102,109,45,10,8,11,Greater Noida,"[28.557054,77.453663]"
5/14/2020,148,127,50,10,7,7,Greater Noida,"[28.557054,77.453663]"
5/15/2020,120,82,54,9,8,10,Greater Noida,"[28.557054,77.453663]"
5/16/2020,97,94,61,10,10,8,Greater Noida,"[28.557054,77.453663]"
5/17/2020,124,108,66,11,9,9,Greater Noida,"[28.557054,77.453663]"
5/18/2020,140,122,70,16,12,8,Greater Noida,"[28.557054,77.453663]"
5/19/2020,148,129,71,18,11,8,Greater Noida,"[28.557054,77.453663]"
5/20/2020,148,101,59,12,9,9,Greater Noida,"[28.557054,77.453663]"
5/21/2020,116,117,53,12,9,7,Greater Noida,"[28.557054,77.453663]"
5/22/2020,108,143,86,24,12,10,Greater Noida,"[28.557054,77.453663]"
5/23/2020,154,166,66,17,15,10,Greater Noida,"[28.557054,77.453663]"
5/24/2020,156,163,44,11,12,8,Greater Noida,"[28.557054,77.453663]"
5/25/2020,128,121,50,11,13,7,Greater Noida,"[28.557054,77.453663]"
5/26/2020,117,153,42,18,9,12,Greater Noida,"[28.557054,77.453663]"
5/27/2020,115,164,71,12,9,8,Greater Noida,"[28.557054,77.453663]"
5/28/2020,114,202,38,6,7,7,Greater Noida,"[28.557054,77.453663]"
5/29/2020,90,58,33,8,6,10,Greater Noida,"[28.557054,77.453663]"
5/30/2020,66,44,36,9,6,10,Greater Noida,"[28.557054,77.453663]"
5/31/2020,62,38,25,7,4,6,Greater Noida,"[28.557054,77.453663]"
6/1/2020,56,78,40,14,6,9,Greater Noida,"[28.557054,77.453663]"
6/2/2020,106,92,42,13,7,8,Greater Noida,"[28.557054,77.453663]"
6/3/2020,110,132,54,16,8,11,Greater Noida,"[28.557054,77.453663]"
6/4/2020,144,139,33,16,8,14,Greater Noida,"[28.557054,77.453663]"
6/5/2020,143,77,37,10,6,13,Greater Noida,"[28.557054,77.453663]"
6/6/2020,103,70,39,10,6,13,Greater Noida,"[28.557054,77.453663]"
6/7/2020,89,101,35,13,6,8,Greater Noida,"[28.557054,77.453663]"
6/8/2020,115,106,50,15,7,10,Greater Noida,"[28.557054,77.453663]"
6/9/2020,127,138,54,18,8,12,Greater Noida,"[28.557054,77.453663]"
6/10/2020,139,144,78,19,8,10,Greater Noida,"[28.557054,77.453663]"
6/11/2020,145,129,58,18,7,9,Greater Noida,"[28.557054,77.453663]"
6/12/2020,132,116,42,15,7,10,Greater Noida,"[28.557054,77.453663]"
6/13/2020,142,135,30,15,6,9,Greater Noida,"[28.557054,77.453663]"
6/14/2020,136,145,34,13,7,9,Greater Noida,"[28.557054,77.453663]"
6/15/2020,135,107,62,13,7,10,Greater Noida,"[28.557054,77.453663]"
6/16/2020,113,92,43,11,6,8,Greater Noida,"[28.557054,77.453663]"
6/17/2020,92,81,31,8,6,11,Greater Noida,"[28.557054,77.453663]"
6/18/2020,79,89,48,9,6,8,Greater Noida,"[28.557054,77.453663]"
6/19/2020,93,134,31,9,7,8,Greater Noida,"[28.557054,77.453663]"
6/20/2020,114,104,34,11,5,9,Greater Noida,"[28.557054,77.453663]"
6/21/2020,88,83,28,12,5,6,Greater Noida,"[28.557054,77.453663]"
6/22/2020,95,72,60,12,5,9,Greater Noida,"[28.557054,77.453663]"
6/23/2020,100,62,18,9,4,7,Greater Noida,"[28.557054,77.453663]"
6/24/2020,67,74,15,11,4,9,Greater Noida,"[28.557054,77.453663]"
6/25/2020,80,98,29,17,5,17,Greater Noida,"[28.557054,77.453663]"
6/26/2020,116,93,20,13,5,10,Greater Noida,"[28.557054,77.453663]"
6/27/2020,145,117,15,12,7,11,Greater Noida,"[28.557054,77.453663]"
6/30/2020,75,83,18,11,6,9,Greater Noida,"[28.557054,77.453663]"
7/1/2020,92,85,29,11,7,10,Greater Noida,"[28.557054,77.453663]"
1/2/2020,334,403,9,44,4,16,Greater Noida,"[28.557054,77.453663]"
1/3/2020,291,312,5,43,7,12,Greater Noida,"[28.557054,77.453663]"
1/4/2020,261,286,9,46,5,16,Greater Noida,"[28.557054,77.453663]"
1/5/2020,284,174,9,25,5,11,Greater Noida,"[28.557054,77.453663]"
1/6/2020,225,184,3,27,5,13,Greater Noida,"[28.557054,77.453663]"
1/7/2020,210,123,2,24,7,8,Greater Noida,"[28.557054,77.453663]"
1/8/2020,189,120,1,23,8,12,Greater Noida,"[28.557054,77.453663]"
1/9/2020,199,109,7,19,5,6,Greater Noida,"[28.557054,77.453663]"
1/10/2020,176,150,12,20,6,13,Greater Noida,"[28.557054,77.453663]"
1/11/2020,197,230,16,32,6,11,Greater Noida,"[28.557054,77.453663]"
1/12/2020,215,406,8,56,5,21,Greater Noida,"[28.557054,77.453663]"
1/13/2020,307,254,7,35,4,13,Greater Noida,"[28.557054,77.453663]"
1/14/2020,283,157,5,24,1,12,Greater Noida,"[28.557054,77.453663]"
1/15/2020,220,131,7,25,5,9,Greater Noida,"[28.557054,77.453663]"
1/16/2020,178,123,2,26,5,10,Greater Noida,"[28.557054,77.453663]"
1/17/2020,191,100,5,22,6,11,Greater Noida,"[28.557054,77.453663]"
1/18/2020,159,239,5,34,5,14,Greater Noida,"[28.557054,77.453663]"
1/19/2020,218,154,10,26,5,16,Greater Noida,"[28.557054,77.453663]"
1/20/2020,206,184,6,24,2,11,Greater Noida,"[28.557054,77.453663]"
1/21/2020,216,226,5,23,1,16,Greater Noida,"[28.557054,77.453663]"
1/22/2020,246,229,11,31,4,15,Greater Noida,"[28.557054,77.453663]"
1/23/2020,247,149,14,23,4,5,Greater Noida,"[28.557054,77.453663]"
1/24/2020,155,140,18,25,4,8,Greater Noida,"[28.557054,77.453663]"
1/25/2020,159,246,18,44,5,14,Greater Noida,"[28.557054,77.453663]"
1/26/2020,225,295,23,35,6,18,Greater Noida,"[28.557054,77.453663]"
1/27/2020,295,292,8,38,6,20,Greater Noida,"[28.557054,77.453663]"
1/28/2020,290,113,13,20,4,10,Greater Noida,"[28.557054,77.453663]"
1/29/2020,182,126,12,27,6,7,Greater Noida,"[28.557054,77.453663]"
1/30/2020,168,117,21,23,5,7,Greater Noida,"[28.557054,77.453663]"
1/31/2020,157,128,19,28,5,9,Greater Noida,"[28.557054,77.453663]"
2/1/2020,162,146,19,31,5,8,Greater Noida,"[28.557054,77.453663]"
2/2/2020,186,135,22,28,6,8,Greater Noida,"[28.557054,77.453663]"
2/3/2020,183,220,22,40,5,10,Greater Noida,"[28.557054,77.453663]"
2/4/2020,204,292,22,38,6,8,Greater Noida,"[28.557054,77.453663]"
2/5/2020,253,167,15,31,6,8,Greater Noida,"[28.557054,77.453663]"
2/6/2020,198,191,19,34,5,8,Greater Noida,"[28.557054,77.453663]"
2/7/2020,192,227,21,34,6,7,Greater Noida,"[28.557054,77.453663]"
2/8/2020,227,166,18,32,5,7,Greater Noida,"[28.557054,77.453663]"
2/9/2020,202,193,18,31,2,7,Greater Noida,"[28.557054,77.453663]"
2/10/2020,207,258,15,36,2,11,Greater Noida,"[28.557054,77.453663]"
2/11/2020,225,281,19,39,5,12,Greater Noida,"[28.557054,77.453663]"
2/12/2020,231,250,9,33,5,8,Greater Noida,"[28.557054,77.453663]"
2/13/2020,228,151,14,22,5,11,Greater Noida,"[28.557054,77.453663]"
2/14/2020,163,241,15,17,5,7,Greater Noida,"[28.557054,77.453663]"
2/15/2020,150,136,19,21,5,13,Greater Noida,"[28.557054,77.453663]"
2/16/2020,156,159,45,30,8,17,Greater Noida,"[28.557054,77.453663]"
2/17/2020,182,213,35,38,9,20,Greater Noida,"[28.557054,77.453663]"
2/18/2020,214,216,44,35,8,16,Greater Noida,"[28.557054,77.453663]"
2/19/2020,186,246,24,32,8,13,Greater Noida,"[28.557054,77.453663]"
2/20/2020,216,151,32,19,5,9,Greater Noida,"[28.557054,77.453663]"
2/21/2020,180,71,19,15,5,8,Greater Noida,"[28.557054,77.453663]"
2/22/2020,109,137,13,25,6,11,Greater Noida,"[28.557054,77.453663]"
2/23/2020,141,158,23,26,6,8,Greater Noida,"[28.557054,77.453663]"
2/24/2020,170,115,25,24,7,9,Greater Noida,"[28.557054,77.453663]"
2/25/2020,139,168,23,35,8,15,Greater Noida,"[28.557054,77.453663]"
2/26/2020,196,194,27,30,7,20,Greater Noida,"[28.557054,77.453663]"
2/27/2020,206,141,22,22,5,14,Greater Noida,"[28.557054,77.453663]"
2/28/2020,178,113,21,18,6,5,Greater Noida,"[28.557054,77.453663]"
2/29/2020,170,107,21,16,5,10,Greater Noida,"[28.557054,77.453663]"
3/1/2020,144,77,27,21,8,13,Greater Noida,"[28.557054,77.453663]"
3/2/2020,106,225,30,40,8,18,Greater Noida,"[28.557054,77.453663]"
3/3/2020,184,306,1,44,2,21,Greater Noida,"[28.557054,77.453663]"
3/4/2020,167,171,28,24,7,15,Greater Noida,"[28.557054,77.453663]"
3/5/2020,159,72,22,14,5,6,Greater Noida,"[28.557054,77.453663]"
3/6/2020,100,35,20,10,9,11,Greater Noida,"[28.557054,77.453663]"
3/7/2020,52,63,21,13,4,8,Greater Noida,"[28.557054,77.453663]"
3/8/2020,94,126,30,23,7,9,Greater Noida,"[28.557054,77.453663]"
3/9/2020,161,98,28,15,8,6,Greater Noida,"[28.557054,77.453663]"
3/10/2020,118,102,37,15,7,11,Greater Noida,"[28.557054,77.453663]"
3/11/2020,153,81,28,11,7,17,Greater Noida,"[28.557054,77.453663]"
3/12/2020,141,149,21,17,4,8,Greater Noida,"[28.557054,77.453663]"
3/13/2020,142,114,30,18,6,7,Greater Noida,"[28.557054,77.453663]"
3/14/2020,126,79,17,17,2,8,Greater Noida,"[28.557054,77.453663]"
3/15/2020,105,105,26,19,5,11,Greater Noida,"[28.557054,77.453663]"
3/16/2020,131,117,40,20,8,9,Greater Noida,"[28.557054,77.453663]"
3/17/2020,147,133,36,21,8,8,Greater Noida,"[28.557054,77.453663]"
3/18/2020,141,137,37,19,8,7,Greater Noida,"[28.557054,77.453663]"
3/19/2020,138,173,35,28,9,8,Greater Noida,"[28.557054,77.453663]"
3/20/2020,168,224,28,28,10,9,Greater Noida,"[28.557054,77.453663]"
3/21/2020,176,250,38,25,8,11,Greater Noida,"[28.557054,77.453663]"
3/22/2020,166,120,35,14,8,9,Greater Noida,"[28.557054,77.453663]"
3/23/2020,149,90,33,12,9,6,Greater Noida,"[28.557054,77.453663]"
3/24/2020,127,136,25,10,7,5,Greater Noida,"[28.557054,77.453663]"
3/25/2020,136,59,23,7,4,6,Greater Noida,"[28.557054,77.453663]"
3/26/2020,89,71,16,6,6,6,Greater Noida,"[28.557054,77.453663]"
3/27/2020,98,39,14,5,8,2,Greater Noida,"[28.557054,77.453663]"
3/28/2020,60,35,18,5,6,6,Greater Noida,"[28.557054,77.453663]"
3/29/2020,53,51,23,4,6,7,Greater Noida,"[28.557054,77.453663]"
3/30/2020,54,56,28,5,3,6,Greater Noida,"[28.557054,77.453663]"
3/31/2020,72,59,29,5,8,8,Greater Noida,"[28.557054,77.453663]"
4/1/2020,74,56,32,5,8,5,Greater Noida,"[28.557054,77.453663]"
12/4/2019,188,211,26,76,7,16,Greater Noida,"[28.557054,77.453663]"
12/5/2019,230,388,21,78,11,20,Greater Noida,"[28.557054,77.453663]"
12/6/2019,357,257,17,54,8,15,Greater Noida,"[28.557054,77.453663]"
12/7/2019,292,263,16,62,9,14,Greater Noida,"[28.557054,77.453663]"
12/8/2019,284,289,18,69,6,21,Greater Noida,"[28.557054,77.453663]"
12/9/2019,308,256,25,72,6,17,Greater Noida,"[28.557054,77.453663]"
12/10/2019,274,366,19,73,9,20,Greater Noida,"[28.557054,77.453663]"
12/11/2019,346,416,22,73,6,20,Greater Noida,"[28.557054,77.453663]"
12/12/2019,368,292,17,37,6,13,Greater Noida,"[28.557054,77.453663]"
12/13/2019,313,76,8,19,5,12,Greater Noida,"[28.557054,77.453663]"
12/14/2019,155,67,11,19,2,12,Greater Noida,"[28.557054,77.453663]"
12/15/2019,125,112,12,29,5,6,Greater Noida,"[28.557054,77.453663]"
12/16/2019,180,106,4,21,4,11,Greater Noida,"[28.557054,77.453663]"
12/17/2019,178,121,5,23,5,13,Greater Noida,"[28.557054,77.453663]"
12/18/2019,183,183,13,34,4,12,Greater Noida,"[28.557054,77.453663]"
12/19/2019,224,191,2,23,6, ,Greater Noida,"[28.557054,77.453663]"
12/20/2019,266,483,19,77,3,28,Greater Noida,"[28.557054,77.453663]"
12/21/2019,418,420,10,58,5,21,Greater Noida,"[28.557054,77.453663]"
12/22/2019,380,160,9,29,4,14,Greater Noida,"[28.557054,77.453663]"
12/23/2019,223,244,10,43,6,16,Greater Noida,"[28.557054,77.453663]"
12/24/2019,264,334,14,44,6,16,Greater Noida,"[28.557054,77.453663]"
12/25/2019,336,222,8,34,4,11,Greater Noida,"[28.557054,77.453663]"
12/26/2019,254,262,7,36,4,10,Greater Noida,"[28.557054,77.453663]"
12/27/2019,275,345,10,47,5,14,Greater Noida,"[28.557054,77.453663]"
12/28/2019,309,455,4,54,6,15,Greater Noida,"[28.557054,77.453663]"
12/29/2019,371,425,16,43,5,13,Greater Noida,"[28.557054,77.453663]"
12/30/2019,371, , , , , ,Greater Noida,"[28.557054,77.453663]"
11/19/2023, ,283,34,31,2,15,Greater Noida,"[28.557054,77.453663]"
11/22/2023, ,139,64,30,7,17,Greater Noida,"[28.557054,77.453663]"
12/7/2023, ,301,58,33,4,16,Greater Noida,"[28.557054,77.453663]"
12/14/2023, ,312,10,32,15,16,Greater Noida,"[28.557054,77.453663]"
4/3/2023, ,154,40,70,12,10,Greater Noida,"[28.557054,77.453663]"
5/22/2023, ,157,22,24,9,32,Greater Noida,"[28.557054,77.453663]"
10/24/2022, ,166,18,29,5,9,Greater Noida,"[28.557054,77.453663]"
11/24/2022, ,184,41,25,3,5,Greater Noida,"[28.557054,77.453663]"
4/21/2020, ,69,41,8,7, ,Greater Noida,"[28.557054,77.453663]"
4/22/2020, ,82,43,11,9, ,Greater Noida,"[28.557054,77.453663]"
6/29/2020, ,88,18,13,7,9,Greater Noida,"[28.557054,77.453663]"
1/1/2020, ,357,13,42,6,18,Greater Noida,"[28.557054,77.453663]"
12/3/2019, ,155,22,52,2,12,Greater Noida,"[28.557054,77.453663]"
6/28/2020, , ,13,13,7,9,Greater Noida,"[28.557054,77.453663]"
